Timestamp,User Count,Type,Name,Requests/s,Failures/s,50%,66%,75%,80%,90%,95%,98%,99%,99.9%,99.99%,100%,Total Request Count,Total Failure Count,Total Median Response Time,Total Average Response Time,Total Min Response Time,Total Max Response Time,Total Average Content Size
1730356282,0,,Aggregated,0.000000,0.000000,N/A,N/A,N/A,N/A,N/A,N/A,N/A,N/A,N/A,N/A,N/A,0,0,0,0.0,0,0,0
1730356283,83,GET,/tools.descartes.teastore.webui/,0.000000,0.000000,0,0,0,0,0,0,0,0,0,0,0,83,83,130.0,123.18282154268103,48.730743990745395,197.2197309951298,0.0
1730356283,83,,Aggregated,0.000000,0.000000,0,0,0,0,0,0,0,0,0,0,0,83,83,130.0,123.18282154268103,48.730743990745395,197.2197309951298,0.0
1730356284,83,GET,/tools.descartes.teastore.webui/,0.000000,0.000000,2,2,2,2,2,2,3,3,3,3,3,117,117,98,87.83666437698736,1.0467700194567442,197.2197309951298,0.0
1730356284,83,,Aggregated,0.000000,0.000000,2,2,2,2,2,2,3,3,3,3,3,117,117,98,87.83666437698736,1.0467700194567442,197.2197309951298,0.0
1730356285,83,GET,/tools.descartes.teastore.webui/,83.000000,83.000000,1,2,2,2,2,2,3,3,3,3,3,167,167,3,61.98174705447261,0.6699389778077602,197.2197309951298,0.0
1730356285,83,,Aggregated,83.000000,83.000000,1,2,2,2,2,2,3,3,3,3,3,167,167,3,61.98174705447261,0.6699389778077602,197.2197309951298,0.0
1730356286,83,GET,/tools.descartes.teastore.webui/,55.000000,55.000000,2,2,2,2,2,2,3,3,3,3,3,197,197,2,52.78879998052058,0.6699389778077602,197.2197309951298,0.0
1730356286,83,,Aggregated,55.000000,55.000000,2,2,2,2,2,2,3,3,3,3,3,197,197,2,52.78879998052058,0.6699389778077602,197.2197309951298,0.0
1730356287,83,GET,/tools.descartes.teastore.webui/,53.666667,53.666667,1,2,2,2,2,2,3,3,4,4,4,247,247,2,42.41021819787877,0.6699389778077602,197.2197309951298,0.0
1730356287,83,,Aggregated,53.666667,53.666667,1,2,2,2,2,2,3,3,4,4,4,247,247,2,42.41021819787877,0.6699389778077602,197.2197309951298,0.0
1730356288,83,GET,/tools.descartes.teastore.webui/,48.000000,48.000000,2,2,2,2,2,2,3,3,4,4,4,283,283,2,37.22631758286259,0.6699389778077602,197.2197309951298,0.0
1730356288,83,,Aggregated,48.000000,48.000000,2,2,2,2,2,2,3,3,4,4,4,283,283,2,37.22631758286259,0.6699389778077602,197.2197309951298,0.0
1730356289,83,GET,/tools.descartes.teastore.webui/,47.800000,47.800000,2,2,2,2,2,2,3,3,4,4,4,322,322,2,32.90277860027605,0.6699389778077602,197.2197309951298,0.0
1730356289,83,,Aggregated,47.800000,47.800000,2,2,2,2,2,2,3,3,4,4,4,322,322,2,32.90277860027605,0.6699389778077602,197.2197309951298,0.0
1730356290,83,GET,/tools.descartes.teastore.webui/,46.333333,46.333333,2,2,2,2,2,2,3,3,4,4,4,370,370,2,28.84571936541564,0.6699389778077602,197.2197309951298,0.0
1730356290,83,,Aggregated,46.333333,46.333333,2,2,2,2,2,2,3,3,4,4,4,370,370,2,28.84571936541564,0.6699389778077602,197.2197309951298,0.0
1730356291,83,GET,/tools.descartes.teastore.webui/,44.857143,44.857143,2,2,2,2,2,2,3,3,4,4,4,407,407,2,26.37155765423858,0.6699389778077602,197.2197309951298,0.0
1730356291,83,,Aggregated,44.857143,44.857143,2,2,2,2,2,2,3,3,4,4,4,407,407,2,26.37155765423858,0.6699389778077602,197.2197309951298,0.0
1730356292,83,GET,/tools.descartes.teastore.webui/,45.750000,45.750000,2,2,2,2,2,2,3,4,6,6,6,451,451,2,23.99913734676907,0.6699389778077602,197.2197309951298,0.0
1730356292,83,,Aggregated,45.750000,45.750000,2,2,2,2,2,2,3,4,6,6,6,451,451,2,23.99913734676907,0.6699389778077602,197.2197309951298,0.0
1730356293,83,GET,/tools.descartes.teastore.webui/,44.666667,44.666667,2,2,2,2,2,3,4,5,6,6,6,494,494,2,22.069223607237063,0.6699389778077602,197.2197309951298,0.0
1730356293,83,,Aggregated,44.666667,44.666667,2,2,2,2,2,3,4,5,6,6,6,494,494,2,22.069223607237063,0.6699389778077602,197.2197309951298,0.0
1730356294,83,GET,/tools.descartes.teastore.webui/,44.400000,44.400000,2,2,2,2,2,3,4,5,6,6,6,541,541,2,20.283857853149275,0.6699389778077602,197.2197309951298,0.0
1730356294,83,,Aggregated,44.400000,44.400000,2,2,2,2,2,3,4,5,6,6,6,541,541,2,20.283857853149275,0.6699389778077602,197.2197309951298,0.0
1730356295,83,GET,/tools.descartes.teastore.webui/,40.900000,40.900000,2,2,2,2,2,3,4,5,6,6,6,575,575,2,19.174031952254314,0.6699389778077602,197.2197309951298,0.0
1730356295,83,,Aggregated,40.900000,40.900000,2,2,2,2,2,3,4,5,6,6,6,575,575,2,19.174031952254314,0.6699389778077602,197.2197309951298,0.0
1730356296,83,GET,/tools.descartes.teastore.webui/,42.600000,42.600000,2,2,2,2,2,3,4,5,6,6,6,614,614,2,18.052595237430022,0.6699389778077602,197.2197309951298,0.0
1730356296,83,,Aggregated,42.600000,42.600000,2,2,2,2,2,3,4,5,6,6,6,614,614,2,18.052595237430022,0.6699389778077602,197.2197309951298,0.0
1730356297,83,GET,/tools.descartes.teastore.webui/,40.900000,40.900000,2,2,2,2,2,3,4,5,6,6,6,657,657,2,16.980461402912447,0.6699389778077602,197.2197309951298,0.0
1730356297,83,,Aggregated,40.900000,40.900000,2,2,2,2,2,3,4,5,6,6,6,657,657,2,16.980461402912447,0.6699389778077602,197.2197309951298,0.0
1730356298,83,GET,/tools.descartes.teastore.webui/,41.700000,41.700000,2,2,2,2,2,3,4,5,8,8,8,701,701,2,16.04092332357461,0.6699389778077602,197.2197309951298,0.0
1730356298,83,,Aggregated,41.700000,41.700000,2,2,2,2,2,3,4,5,8,8,8,701,701,2,16.04092332357461,0.6699389778077602,197.2197309951298,0.0
1730356299,83,GET,/tools.descartes.teastore.webui/,41.500000,41.500000,2,2,2,2,2,3,4,5,8,8,8,737,737,2,15.343921718862429,0.6699389778077602,197.2197309951298,0.0
1730356299,83,,Aggregated,41.500000,41.500000,2,2,2,2,2,3,4,5,8,8,8,737,737,2,15.343921718862429,0.6699389778077602,197.2197309951298,0.0
1730356300,83,GET,/tools.descartes.teastore.webui/,41.900000,41.900000,2,2,2,2,2,3,4,5,8,8,8,781,781,2,14.568265619679986,0.6699389778077602,197.2197309951298,0.0
1730356300,83,,Aggregated,41.900000,41.900000,2,2,2,2,2,3,4,5,8,8,8,781,781,2,14.568265619679986,0.6699389778077602,197.2197309951298,0.0
1730356301,83,GET,/tools.descartes.teastore.webui/,41.600000,41.600000,2,2,2,2,2,3,4,5,8,8,8,822,822,2,13.9279230281092,0.6699389778077602,197.2197309951298,0.0
1730356301,83,,Aggregated,41.600000,41.600000,2,2,2,2,2,3,4,5,8,8,8,822,822,2,13.9279230281092,0.6699389778077602,197.2197309951298,0.0
1730356302,83,GET,/tools.descartes.teastore.webui/,40.900000,40.900000,2,2,2,2,2,3,4,5,8,8,8,869,869,2,13.251348007181006,0.6699389778077602,197.2197309951298,0.0
1730356302,83,,Aggregated,40.900000,40.900000,2,2,2,2,2,3,4,5,8,8,8,869,869,2,13.251348007181006,0.6699389778077602,197.2197309951298,0.0
1730356303,83,GET,/tools.descartes.teastore.webui/,41.200000,41.200000,2,2,2,2,2,3,4,5,8,8,8,908,908,2,12.751686277849053,0.6699389778077602,197.2197309951298,0.0
1730356303,83,,Aggregated,41.200000,41.200000,2,2,2,2,2,3,4,5,8,8,8,908,908,2,12.751686277849053,0.6699389778077602,197.2197309951298,0.0
1730356304,83,GET,/tools.descartes.teastore.webui/,41.800000,41.800000,2,2,2,2,2,3,4,5,8,8,8,957,957,2,12.180526007566302,0.6699389778077602,197.2197309951298,0.0
1730356304,83,,Aggregated,41.800000,41.800000,2,2,2,2,2,3,4,5,8,8,8,957,957,2,12.180526007566302,0.6699389778077602,197.2197309951298,0.0
1730356305,83,GET,/tools.descartes.teastore.webui/,40.700000,40.700000,2,2,2,2,2,3,4,5,8,8,8,994,994,2,11.780430293129944,0.6699389778077602,197.2197309951298,0.0
1730356305,83,,Aggregated,40.700000,40.700000,2,2,2,2,2,3,4,5,8,8,8,994,994,2,11.780430293129944,0.6699389778077602,197.2197309951298,0.0
1730356306,83,GET,/tools.descartes.teastore.webui/,41.500000,41.500000,2,2,2,2,2,3,4,4,8,8,8,1034,1034,2,11.382254030387957,0.6699389778077602,197.2197309951298,0.0
1730356306,83,,Aggregated,41.500000,41.500000,2,2,2,2,2,3,4,4,8,8,8,1034,1034,2,11.382254030387957,0.6699389778077602,197.2197309951298,0.0
1730356307,83,GET,/tools.descartes.teastore.webui/,41.600000,41.600000,1,2,2,2,2,3,4,4,5,5,5,1080,1080,2,10.969358769997834,0.6699389778077602,197.2197309951298,0.0
1730356307,83,,Aggregated,41.600000,41.600000,1,2,2,2,2,3,4,4,5,5,5,1080,1080,2,10.969358769997834,0.6699389778077602,197.2197309951298,0.0
1730356308,83,GET,/tools.descartes.teastore.webui/,42.000000,42.000000,1,2,2,2,2,3,4,4,45,45,45,1118,1118,2,10.696452015728484,0.6699389778077602,197.2197309951298,0.0
1730356308,83,,Aggregated,42.000000,42.000000,1,2,2,2,2,3,4,4,45,45,45,1118,1118,2,10.696452015728484,0.6699389778077602,197.2197309951298,0.0
1730356309,83,GET,/tools.descartes.teastore.webui/,41.900000,41.900000,2,2,2,2,2,3,4,5,45,45,45,1162,1162,2,10.366747482389648,0.6699389778077602,197.2197309951298,0.0
1730356309,83,,Aggregated,41.900000,41.900000,2,2,2,2,2,3,4,5,45,45,45,1162,1162,2,10.366747482389648,0.6699389778077602,197.2197309951298,0.0
1730356310,83,GET,/tools.descartes.teastore.webui/,41.400000,41.400000,2,2,2,2,2,3,4,5,45,45,45,1209,1209,2,10.035054476878154,0.6699389778077602,197.2197309951298,0.0
1730356310,83,,Aggregated,41.400000,41.400000,2,2,2,2,2,3,4,5,45,45,45,1209,1209,2,10.035054476878154,0.6699389778077602,197.2197309951298,0.0
1730356311,83,GET,/tools.descartes.teastore.webui/,42.000000,42.000000,2,2,2,2,2,3,4,5,45,45,45,1243,1243,2,9.805317581889735,0.6699389778077602,197.2197309951298,0.0
1730356311,83,,Aggregated,42.000000,42.000000,2,2,2,2,2,3,4,5,45,45,45,1243,1243,2,9.805317581889735,0.6699389778077602,197.2197309951298,0.0
1730356312,83,GET,/tools.descartes.teastore.webui/,42.400000,42.400000,2,2,2,2,2,3,4,5,45,45,45,1291,1291,2,9.507907382769858,0.6699389778077602,197.2197309951298,0.0
1730356312,83,,Aggregated,42.400000,42.400000,2,2,2,2,2,3,4,5,45,45,45,1291,1291,2,9.507907382769858,0.6699389778077602,197.2197309951298,0.0
1730356313,83,GET,/tools.descartes.teastore.webui/,42.500000,42.500000,2,2,2,2,2,3,4,5,45,45,45,1331,1331,2,9.267882249618241,0.6699389778077602,197.2197309951298,0.0
1730356313,83,,Aggregated,42.500000,42.500000,2,2,2,2,2,3,4,5,45,45,45,1331,1331,2,9.267882249618241,0.6699389778077602,197.2197309951298,0.0
1730356314,83,GET,/tools.descartes.teastore.webui/,41.800000,41.800000,2,2,2,2,2,3,4,5,45,45,45,1374,1374,2,9.029155957097055,0.6699389778077602,197.2197309951298,0.0
1730356314,83,,Aggregated,41.800000,41.800000,2,2,2,2,2,3,4,5,45,45,45,1374,1374,2,9.029155957097055,0.6699389778077602,197.2197309951298,0.0
1730356315,83,GET,/tools.descartes.teastore.webui/,42.400000,42.400000,2,2,2,2,2,3,4,5,45,45,45,1411,1411,2,8.833552205406756,0.6699389778077602,197.2197309951298,0.0
1730356315,83,,Aggregated,42.400000,42.400000,2,2,2,2,2,3,4,5,45,45,45,1411,1411,2,8.833552205406756,0.6699389778077602,197.2197309951298,0.0
1730356316,83,GET,/tools.descartes.teastore.webui/,41.700000,41.700000,2,2,2,2,2,3,4,5,45,45,45,1449,1449,2,8.64559921325622,0.6699389778077602,197.2197309951298,0.0
1730356316,83,,Aggregated,41.700000,41.700000,2,2,2,2,2,3,4,5,45,45,45,1449,1449,2,8.64559921325622,0.6699389778077602,197.2197309951298,0.0
1730356317,83,GET,/tools.descartes.teastore.webui/,42.000000,42.000000,2,2,2,2,2,3,4,5,8,8,8,1491,1491,2,8.448317269586953,0.6699389778077602,197.2197309951298,0.0
1730356317,83,,Aggregated,42.000000,42.000000,2,2,2,2,2,3,4,5,8,8,8,1491,1491,2,8.448317269586953,0.6699389778077602,197.2197309951298,0.0
1730356318,83,GET,/tools.descartes.teastore.webui/,41.400000,41.400000,2,2,2,2,2,3,4,4,5,5,5,1533,1533,2,8.263135264682008,0.6699389778077602,197.2197309951298,0.0
1730356318,83,,Aggregated,41.400000,41.400000,2,2,2,2,2,3,4,4,5,5,5,1533,1533,2,8.263135264682008,0.6699389778077602,197.2197309951298,0.0
1730356319,83,GET,/tools.descartes.teastore.webui/,41.100000,41.100000,2,2,2,2,2,3,4,4,5,5,5,1571,1571,2,8.09877444157806,0.6699389778077602,197.2197309951298,0.0
1730356319,83,,Aggregated,41.100000,41.100000,2,2,2,2,2,3,4,4,5,5,5,1571,1571,2,8.09877444157806,0.6699389778077602,197.2197309951298,0.0
1730356320,83,GET,/tools.descartes.teastore.webui/,41.600000,41.600000,2,2,2,2,2,3,4,4,5,5,5,1613,1613,2,7.9314193116865885,0.6699389778077602,197.2197309951298,0.0
1730356320,83,,Aggregated,41.600000,41.600000,2,2,2,2,2,3,4,4,5,5,5,1613,1613,2,7.9314193116865885,0.6699389778077602,197.2197309951298,0.0
1730356321,83,GET,/tools.descartes.teastore.webui/,41.500000,41.500000,2,2,2,2,2,3,4,4,5,5,5,1653,1653,2,7.785070122006088,0.6699389778077602,197.2197309951298,0.0
1730356321,83,,Aggregated,41.500000,41.500000,2,2,2,2,2,3,4,4,5,5,5,1653,1653,2,7.785070122006088,0.6699389778077602,197.2197309951298,0.0
1730356322,83,GET,/tools.descartes.teastore.webui/,40.500000,40.500000,2,2,2,2,2,3,4,4,5,5,5,1693,1693,2,7.637018369476664,0.6699389778077602,197.2197309951298,0.0
1730356322,83,,Aggregated,40.500000,40.500000,2,2,2,2,2,3,4,4,5,5,5,1693,1693,2,7.637018369476664,0.6699389778077602,197.2197309951298,0.0
1730356323,83,GET,/tools.descartes.teastore.webui/,40.800000,40.800000,2,2,2,2,2,3,4,4,5,5,5,1735,1735,2,7.491454656332495,0.6699389778077602,197.2197309951298,0.0
1730356323,83,,Aggregated,40.800000,40.800000,2,2,2,2,2,3,4,4,5,5,5,1735,1735,2,7.491454656332495,0.6699389778077602,197.2197309951298,0.0
1730356324,83,GET,/tools.descartes.teastore.webui/,40.300000,40.300000,2,2,2,2,2,3,4,4,5,5,5,1772,1772,2,7.365488632022125,0.6699389778077602,197.2197309951298,0.0
1730356324,83,,Aggregated,40.300000,40.300000,2,2,2,2,2,3,4,4,5,5,5,1772,1772,2,7.365488632022125,0.6699389778077602,197.2197309951298,0.0
1730356325,83,GET,/tools.descartes.teastore.webui/,39.900000,39.900000,2,2,2,2,2,3,4,4,4,4,4,1819,1819,2,7.218849604687981,0.6699389778077602,197.2197309951298,0.0
1730356325,83,,Aggregated,39.900000,39.900000,2,2,2,2,2,3,4,4,4,4,4,1819,1819,2,7.218849604687981,0.6699389778077602,197.2197309951298,0.0
1730356326,83,GET,/tools.descartes.teastore.webui/,39.700000,39.700000,2,2,2,2,2,2,4,4,4,4,4,1858,1858,2,7.100032914349201,0.6699389778077602,197.2197309951298,0.0
1730356326,83,,Aggregated,39.700000,39.700000,2,2,2,2,2,2,4,4,4,4,4,1858,1858,2,7.100032914349201,0.6699389778077602,197.2197309951298,0.0
1730356327,83,GET,/tools.descartes.teastore.webui/,40.300000,40.300000,2,2,2,2,2,2,3,4,4,4,4,1901,1901,2,6.9738638904575225,0.6699389778077602,197.2197309951298,0.0
1730356327,83,,Aggregated,40.300000,40.300000,2,2,2,2,2,2,3,4,4,4,4,1901,1901,2,6.9738638904575225,0.6699389778077602,197.2197309951298,0.0
1730356328,83,GET,/tools.descartes.teastore.webui/,41.000000,41.000000,2,2,2,2,2,2,3,4,4,4,4,1949,1949,2,6.839190921458292,0.6699389778077602,197.2197309951298,0.0
1730356328,83,,Aggregated,41.000000,41.000000,2,2,2,2,2,2,3,4,4,4,4,1949,1949,2,6.839190921458292,0.6699389778077602,197.2197309951298,0.0
1730356329,83,GET,/tools.descartes.teastore.webui/,40.900000,40.900000,2,2,2,2,2,2,3,4,4,4,4,1989,1989,2,6.733832670616378,0.6699389778077602,197.2197309951298,0.0
1730356329,83,,Aggregated,40.900000,40.900000,2,2,2,2,2,2,3,4,4,4,4,1989,1989,2,6.733832670616378,0.6699389778077602,197.2197309951298,0.0
1730356330,83,GET,/tools.descartes.teastore.webui/,41.300000,41.300000,2,2,2,2,2,2,3,4,4,4,4,2030,2030,2,6.632571831016384,0.6699389778077602,197.2197309951298,0.0
1730356330,83,,Aggregated,41.300000,41.300000,2,2,2,2,2,2,3,4,4,4,4,2030,2030,2,6.632571831016384,0.6699389778077602,197.2197309951298,0.0
1730356331,83,GET,/tools.descartes.teastore.webui/,41.600000,41.600000,2,2,2,2,2,2,3,3,4,4,4,2070,2070,2,6.529848874886273,0.6699389778077602,197.2197309951298,0.0
1730356331,83,,Aggregated,41.600000,41.600000,2,2,2,2,2,2,3,3,4,4,4,2070,2070,2,6.529848874886273,0.6699389778077602,197.2197309951298,0.0
1730356332,83,GET,/tools.descartes.teastore.webui/,41.800000,41.800000,2,2,2,2,2,2,3,3,4,4,4,2110,2110,2,6.435795282995796,0.6699389778077602,197.2197309951298,0.0
1730356332,83,,Aggregated,41.800000,41.800000,2,2,2,2,2,2,3,3,4,4,4,2110,2110,2,6.435795282995796,0.6699389778077602,197.2197309951298,0.0
1730356333,83,GET,/tools.descartes.teastore.webui/,41.600000,41.600000,2,2,2,2,2,2,3,3,4,4,4,2151,2151,2,6.346242970780278,0.6699389778077602,197.2197309951298,0.0
1730356333,83,,Aggregated,41.600000,41.600000,2,2,2,2,2,2,3,3,4,4,4,2151,2151,2,6.346242970780278,0.6699389778077602,197.2197309951298,0.0
1730356334,83,GET,/tools.descartes.teastore.webui/,42.000000,42.000000,2,2,2,2,2,2,3,4,51,51,51,2198,2198,2,6.266862077208861,0.6699389778077602,197.2197309951298,0.0
1730356334,83,,Aggregated,42.000000,42.000000,2,2,2,2,2,2,3,4,51,51,51,2198,2198,2,6.266862077208861,0.6699389778077602,197.2197309951298,0.0
1730356335,83,GET,/tools.descartes.teastore.webui/,42.300000,42.300000,2,2,2,2,2,3,3,4,51,51,51,2236,2236,2,6.188998450073188,0.6699389778077602,197.2197309951298,0.0
1730356335,83,,Aggregated,42.300000,42.300000,2,2,2,2,2,3,3,4,51,51,51,2236,2236,2,6.188998450073188,0.6699389778077602,197.2197309951298,0.0
1730356336,83,GET,/tools.descartes.teastore.webui/,42.300000,42.300000,1,2,2,2,2,3,3,4,51,51,51,2279,2279,2,6.10202359081176,0.6699389778077602,197.2197309951298,0.0
1730356336,83,,Aggregated,42.300000,42.300000,1,2,2,2,2,3,3,4,51,51,51,2279,2279,2,6.10202359081176,0.6699389778077602,197.2197309951298,0.0
1730356337,83,GET,/tools.descartes.teastore.webui/,42.000000,42.000000,2,2,2,2,2,3,4,4,51,51,51,2319,2319,2,6.027312055477128,0.6699389778077602,197.2197309951298,0.0
1730356337,83,,Aggregated,42.000000,42.000000,2,2,2,2,2,3,4,4,51,51,51,2319,2319,2,6.027312055477128,0.6699389778077602,197.2197309951298,0.0
1730356338,83,GET,/tools.descartes.teastore.webui/,42.000000,42.000000,2,2,2,2,2,3,4,5,51,51,51,2364,2364,2,5.945810368149652,0.6699389778077602,197.2197309951298,0.0
1730356338,83,,Aggregated,42.000000,42.000000,2,2,2,2,2,3,4,5,51,51,51,2364,2364,2,5.945810368149652,0.6699389778077602,197.2197309951298,0.0
1730356339,83,GET,/tools.descartes.teastore.webui/,41.800000,41.800000,2,2,2,2,2,3,4,5,51,51,51,2408,2408,2,5.869595057471614,0.6699389778077602,197.2197309951298,0.0
1730356339,83,,Aggregated,41.800000,41.800000,2,2,2,2,2,3,4,5,51,51,51,2408,2408,2,5.869595057471614,0.6699389778077602,197.2197309951298,0.0
1730356340,83,GET,/tools.descartes.teastore.webui/,41.600000,41.600000,2,2,2,2,2,3,4,5,51,51,51,2450,2450,2,5.79491837727077,0.6699389778077602,197.2197309951298,0.0
1730356340,83,,Aggregated,41.600000,41.600000,2,2,2,2,2,3,4,5,51,51,51,2450,2450,2,5.79491837727077,0.6699389778077602,197.2197309951298,0.0
1730356341,83,GET,/tools.descartes.teastore.webui/,41.800000,41.800000,2,2,2,2,2,3,4,5,51,51,51,2498,2498,2,5.710096934990543,0.6699389778077602,197.2197309951298,0.0
1730356341,83,,Aggregated,41.800000,41.800000,2,2,2,2,2,3,4,5,51,51,51,2498,2498,2,5.710096934990543,0.6699389778077602,197.2197309951298,0.0
1730356342,122,GET,/tools.descartes.teastore.webui/,41.900000,41.900000,2,2,2,2,24,55,95,110,120,120,120,2574,2574,2,6.64935662913087,0.6699389778077602,197.2197309951298,0.0
1730356342,122,,Aggregated,41.900000,41.900000,2,2,2,2,24,55,95,110,120,120,120,2574,2574,2,6.64935662913087,0.6699389778077602,197.2197309951298,0.0
1730356343,122,GET,/tools.descartes.teastore.webui/,42.700000,42.700000,2,2,2,2,19,54,95,110,120,120,120,2638,2638,2,6.527994878554273,0.6699389778077602,197.2197309951298,0.0
1730356343,122,,Aggregated,42.700000,42.700000,2,2,2,2,19,54,95,110,120,120,120,2638,2638,2,6.527994878554273,0.6699389778077602,197.2197309951298,0.0
1730356344,122,GET,/tools.descartes.teastore.webui/,46.700000,46.700000,2,2,2,2,16,52,94,110,120,120,120,2707,2707,2,6.4042022007814765,0.6699389778077602,197.2197309951298,0.0
1730356344,122,,Aggregated,46.700000,46.700000,2,2,2,2,16,52,94,110,120,120,120,2707,2707,2,6.4042022007814765,0.6699389778077602,197.2197309951298,0.0
1730356345,122,GET,/tools.descartes.teastore.webui/,48.300000,48.300000,2,2,2,2,15,50,94,110,120,120,120,2759,2759,2,6.313993731048971,0.6699389778077602,197.2197309951298,0.0
1730356345,122,,Aggregated,48.300000,48.300000,2,2,2,2,15,50,94,110,120,120,120,2759,2759,2,6.313993731048971,0.6699389778077602,197.2197309951298,0.0
1730356346,122,GET,/tools.descartes.teastore.webui/,49.900000,49.900000,2,2,2,2,7,49,93,100,120,120,120,2818,2818,2,6.212177685897525,0.6699389778077602,197.2197309951298,0.0
1730356346,122,,Aggregated,49.900000,49.900000,2,2,2,2,7,49,93,100,120,120,120,2818,2818,2,6.212177685897525,0.6699389778077602,197.2197309951298,0.0
1730356347,122,GET,/tools.descartes.teastore.webui/,52.100000,52.100000,2,2,2,2,6,47,93,100,120,120,120,2878,2878,2,6.123078542638051,0.6330729811452329,197.2197309951298,0.0
1730356347,122,,Aggregated,52.100000,52.100000,2,2,2,2,6,47,93,100,120,120,120,2878,2878,2,6.123078542638051,0.6330729811452329,197.2197309951298,0.0
1730356348,122,GET,/tools.descartes.teastore.webui/,53.600000,53.600000,2,2,2,2,5,42,93,100,120,120,120,2948,2948,2,6.020762144699768,0.6330729811452329,197.2197309951298,0.0
1730356348,122,,Aggregated,53.600000,53.600000,2,2,2,2,5,42,93,100,120,120,120,2948,2948,2,6.020762144699768,0.6330729811452329,197.2197309951298,0.0
1730356349,122,GET,/tools.descartes.teastore.webui/,55.700000,55.700000,2,2,2,2,5,40,84,100,120,120,120,3007,3007,2,5.944401750319067,0.6330729811452329,197.2197309951298,0.0
1730356349,122,,Aggregated,55.700000,55.700000,2,2,2,2,5,40,84,100,120,120,120,3007,3007,2,5.944401750319067,0.6330729811452329,197.2197309951298,0.0
1730356350,122,GET,/tools.descartes.teastore.webui/,57.500000,57.500000,2,2,2,3,5,34,84,100,120,120,120,3078,3078,2,5.850746191163923,0.6330729811452329,197.2197309951298,0.0
1730356350,122,,Aggregated,57.500000,57.500000,2,2,2,3,5,34,84,100,120,120,120,3078,3078,2,5.850746191163923,0.6330729811452329,197.2197309951298,0.0
1730356351,122,GET,/tools.descartes.teastore.webui/,60.000000,60.000000,2,2,2,2,3,4,5,6,7,7,7,3134,3134,2,5.777494984057993,0.6330729811452329,197.2197309951298,0.0
1730356351,122,,Aggregated,60.000000,60.000000,2,2,2,2,3,4,5,6,7,7,7,3134,3134,2,5.777494984057993,0.6330729811452329,197.2197309951298,0.0
1730356352,122,GET,/tools.descartes.teastore.webui/,62.000000,62.000000,2,2,2,2,3,4,5,6,7,7,7,3199,3199,2,5.692604588296366,0.6330729811452329,197.2197309951298,0.0
1730356352,122,,Aggregated,62.000000,62.000000,2,2,2,2,3,4,5,6,7,7,7,3199,3199,2,5.692604588296366,0.6330729811452329,197.2197309951298,0.0
1730356353,122,GET,/tools.descartes.teastore.webui/,63.600000,63.600000,2,2,2,2,3,4,5,6,66,66,66,3260,3260,2,5.65354506093423,0.6330729811452329,197.2197309951298,0.0
1730356353,122,,Aggregated,63.600000,63.600000,2,2,2,2,3,4,5,6,66,66,66,3260,3260,2,5.65354506093423,0.6330729811452329,197.2197309951298,0.0
1730356354,122,GET,/tools.descartes.teastore.webui/,61.600000,61.600000,2,2,2,2,3,4,5,6,66,66,66,3321,3321,2,5.581253269021684,0.6330729811452329,197.2197309951298,0.0
1730356354,122,,Aggregated,61.600000,61.600000,2,2,2,2,3,4,5,6,66,66,66,3321,3321,2,5.581253269021684,0.6330729811452329,197.2197309951298,0.0
1730356355,122,GET,/tools.descartes.teastore.webui/,61.400000,61.400000,2,2,2,2,3,4,5,6,66,66,66,3383,3383,2,5.508630090054376,0.6330729811452329,197.2197309951298,0.0
1730356355,122,,Aggregated,61.400000,61.400000,2,2,2,2,3,4,5,6,66,66,66,3383,3383,2,5.508630090054376,0.6330729811452329,197.2197309951298,0.0
1730356356,122,GET,/tools.descartes.teastore.webui/,62.000000,62.000000,1,2,2,2,3,4,5,6,66,66,66,3451,3451,2,5.4302440361811755,0.6330729811452329,197.2197309951298,0.0
1730356356,122,,Aggregated,62.000000,62.000000,1,2,2,2,3,4,5,6,66,66,66,3451,3451,2,5.4302440361811755,0.6330729811452329,197.2197309951298,0.0
1730356357,122,GET,/tools.descartes.teastore.webui/,62.100000,62.100000,1,2,2,2,3,4,6,7,66,66,66,3514,3514,2,5.375965634581151,0.6330729811452329,197.2197309951298,0.0
1730356357,122,,Aggregated,62.100000,62.100000,1,2,2,2,3,4,6,7,66,66,66,3514,3514,2,5.375965634581151,0.6330729811452329,197.2197309951298,0.0
1730356358,122,GET,/tools.descartes.teastore.webui/,62.900000,62.900000,1,2,2,2,3,4,5,7,66,66,66,3575,3575,2,5.3161720772293375,0.6330729811452329,197.2197309951298,0.0
1730356358,122,,Aggregated,62.900000,62.900000,1,2,2,2,3,4,5,7,66,66,66,3575,3575,2,5.3161720772293375,0.6330729811452329,197.2197309951298,0.0
1730356359,122,GET,/tools.descartes.teastore.webui/,62.200000,62.200000,1,2,2,2,3,4,5,7,66,66,66,3638,3638,2,5.253726592629947,0.6330729811452329,197.2197309951298,0.0
1730356359,122,,Aggregated,62.200000,62.200000,1,2,2,2,3,4,5,7,66,66,66,3638,3638,2,5.253726592629947,0.6330729811452329,197.2197309951298,0.0
1730356360,122,GET,/tools.descartes.teastore.webui/,63.400000,63.400000,1,2,2,2,2,4,5,7,66,66,66,3697,3697,2,5.194707335596277,0.6330729811452329,197.2197309951298,0.0
1730356360,122,,Aggregated,63.400000,63.400000,1,2,2,2,2,4,5,7,66,66,66,3697,3697,2,5.194707335596277,0.6330729811452329,197.2197309951298,0.0
1730356361,122,GET,/tools.descartes.teastore.webui/,62.500000,62.500000,1,2,2,2,2,3,5,6,66,66,66,3756,3756,2,5.137712786339756,0.6330729811452329,197.2197309951298,0.0
1730356361,122,,Aggregated,62.500000,62.500000,1,2,2,2,2,3,5,6,66,66,66,3756,3756,2,5.137712786339756,0.6330729811452329,197.2197309951298,0.0
1730356362,122,GET,/tools.descartes.teastore.webui/,62.500000,62.500000,1,2,2,2,3,4,5,6,19,19,19,3823,3823,2,5.085012066497641,0.6330729811452329,197.2197309951298,0.0
1730356362,122,,Aggregated,62.500000,62.500000,1,2,2,2,3,4,5,6,19,19,19,3823,3823,2,5.085012066497641,0.6330729811452329,197.2197309951298,0.0
1730356363,122,GET,/tools.descartes.teastore.webui/,61.200000,61.200000,1,2,2,2,3,4,5,6,19,19,19,3881,3881,2,5.033805730756966,0.6330729811452329,197.2197309951298,0.0
1730356363,122,,Aggregated,61.200000,61.200000,1,2,2,2,3,4,5,6,19,19,19,3881,3881,2,5.033805730756966,0.6330729811452329,197.2197309951298,0.0
1730356364,122,GET,/tools.descartes.teastore.webui/,61.900000,61.900000,1,2,2,2,3,4,5,6,19,19,19,3936,3936,2,4.988873772177849,0.6330729811452329,197.2197309951298,0.0
1730356364,122,,Aggregated,61.900000,61.900000,1,2,2,2,3,4,5,6,19,19,19,3936,3936,2,4.988873772177849,0.6330729811452329,197.2197309951298,0.0
1730356365,122,GET,/tools.descartes.teastore.webui/,62.100000,62.100000,1,2,2,2,3,4,5,6,19,19,19,3992,3992,2,4.942272620825381,0.6330729811452329,197.2197309951298,0.0
1730356365,122,,Aggregated,62.100000,62.100000,1,2,2,2,3,4,5,6,19,19,19,3992,3992,2,4.942272620825381,0.6330729811452329,197.2197309951298,0.0
1730356366,122,GET,/tools.descartes.teastore.webui/,61.900000,61.900000,1,2,2,2,3,4,5,6,19,19,19,4058,4058,2,4.888145386546845,0.6330729811452329,197.2197309951298,0.0
1730356366,122,,Aggregated,61.900000,61.900000,1,2,2,2,3,4,5,6,19,19,19,4058,4058,2,4.888145386546845,0.6330729811452329,197.2197309951298,0.0
1730356367,122,GET,/tools.descartes.teastore.webui/,60.700000,60.700000,1,2,2,2,3,3,5,5,10,10,10,4112,4112,2,4.847581670173364,0.6330729811452329,197.2197309951298,0.0
1730356367,122,,Aggregated,60.700000,60.700000,1,2,2,2,3,3,5,5,10,10,10,4112,4112,2,4.847581670173364,0.6330729811452329,197.2197309951298,0.0
1730356368,122,GET,/tools.descartes.teastore.webui/,61.000000,61.000000,1,2,2,2,3,3,5,5,10,10,10,4175,4175,2,4.79836789143835,0.6330729811452329,197.2197309951298,0.0
1730356368,122,,Aggregated,61.000000,61.000000,1,2,2,2,3,3,5,5,10,10,10,4175,4175,2,4.79836789143835,0.6330729811452329,197.2197309951298,0.0
1730356369,122,GET,/tools.descartes.teastore.webui/,60.800000,60.800000,1,2,2,2,3,3,5,5,10,10,10,4243,4243,2,4.74927852414195,0.6330729811452329,197.2197309951298,0.0
1730356369,122,,Aggregated,60.800000,60.800000,1,2,2,2,3,3,5,5,10,10,10,4243,4243,2,4.74927852414195,0.6330729811452329,197.2197309951298,0.0
1730356370,122,GET,/tools.descartes.teastore.webui/,60.200000,60.200000,1,2,2,2,3,4,5,5,10,10,10,4296,4296,2,4.71084139960893,0.6330729811452329,197.2197309951298,0.0
1730356370,122,,Aggregated,60.200000,60.200000,1,2,2,2,3,4,5,5,10,10,10,4296,4296,2,4.71084139960893,0.6330729811452329,197.2197309951298,0.0
1730356371,122,GET,/tools.descartes.teastore.webui/,60.300000,60.300000,1,2,2,2,3,3,5,6,8,8,8,4355,4355,2,4.674853991391512,0.6330729811452329,197.2197309951298,0.0
1730356371,122,,Aggregated,60.300000,60.300000,1,2,2,2,3,3,5,6,8,8,8,4355,4355,2,4.674853991391512,0.6330729811452329,197.2197309951298,0.0
1730356372,122,GET,/tools.descartes.teastore.webui/,59.800000,59.800000,1,2,2,2,3,4,5,6,8,8,8,4413,4413,2,4.635519335039974,0.6330729811452329,197.2197309951298,0.0
1730356372,122,,Aggregated,59.800000,59.800000,1,2,2,2,3,4,5,6,8,8,8,4413,4413,2,4.635519335039974,0.6330729811452329,197.2197309951298,0.0
1730356373,122,GET,/tools.descartes.teastore.webui/,60.500000,60.500000,1,2,2,2,3,3,5,5,6,6,6,4478,4478,2,4.5907406244723745,0.6330729811452329,197.2197309951298,0.0
1730356373,122,,Aggregated,60.500000,60.500000,1,2,2,2,3,3,5,5,6,6,6,4478,4478,2,4.5907406244723745,0.6330729811452329,197.2197309951298,0.0
1730356374,122,GET,/tools.descartes.teastore.webui/,59.500000,59.500000,1,2,2,2,3,3,5,6,7,7,7,4546,4546,2,4.547434698695459,0.6330729811452329,197.2197309951298,0.0
1730356374,122,,Aggregated,59.500000,59.500000,1,2,2,2,3,3,5,6,7,7,7,4546,4546,2,4.547434698695459,0.6330729811452329,197.2197309951298,0.0
1730356375,122,GET,/tools.descartes.teastore.webui/,60.100000,60.100000,1,2,2,2,3,3,5,5,7,7,7,4597,4597,2,4.51473451820898,0.6330729811452329,197.2197309951298,0.0
1730356375,122,,Aggregated,60.100000,60.100000,1,2,2,2,3,3,5,5,7,7,7,4597,4597,2,4.51473451820898,0.6330729811452329,197.2197309951298,0.0
1730356376,122,GET,/tools.descartes.teastore.webui/,59.600000,59.600000,1,2,2,2,3,4,5,6,8,8,8,4660,4660,2,4.485643618937997,0.6330729811452329,197.2197309951298,0.0
1730356376,122,,Aggregated,59.600000,59.600000,1,2,2,2,3,4,5,6,8,8,8,4660,4660,2,4.485643618937997,0.6330729811452329,197.2197309951298,0.0
1730356377,122,GET,/tools.descartes.teastore.webui/,60.800000,60.800000,1,2,2,2,3,4,5,6,8,8,8,4722,4722,2,4.448306774343839,0.6330729811452329,197.2197309951298,0.0
1730356377,122,,Aggregated,60.800000,60.800000,1,2,2,2,3,4,5,6,8,8,8,4722,4722,2,4.448306774343839,0.6330729811452329,197.2197309951298,0.0
1730356378,122,GET,/tools.descartes.teastore.webui/,59.800000,59.800000,1,2,2,2,3,4,5,6,8,8,8,4781,4781,2,4.4126392251107145,0.6330729811452329,197.2197309951298,0.0
1730356378,122,,Aggregated,59.800000,59.800000,1,2,2,2,3,4,5,6,8,8,8,4781,4781,2,4.4126392251107145,0.6330729811452329,197.2197309951298,0.0
1730356379,122,GET,/tools.descartes.teastore.webui/,61.500000,61.500000,2,2,2,2,3,4,6,7,10,10,10,4846,4846,2,4.3856760629801,0.6330729811452329,197.2197309951298,0.0
1730356379,122,,Aggregated,61.500000,61.500000,2,2,2,2,3,4,6,7,10,10,10,4846,4846,2,4.3856760629801,0.6330729811452329,197.2197309951298,0.0
1730356380,122,GET,/tools.descartes.teastore.webui/,59.900000,59.900000,2,2,2,2,3,4,5,7,10,10,10,4904,4904,2,4.354081862040364,0.6330729811452329,197.2197309951298,0.0
1730356380,122,,Aggregated,59.900000,59.900000,2,2,2,2,3,4,5,7,10,10,10,4904,4904,2,4.354081862040364,0.6330729811452329,197.2197309951298,0.0
1730356381,122,GET,/tools.descartes.teastore.webui/,60.100000,60.100000,2,2,2,2,3,4,5,7,10,10,10,4957,4957,2,4.32903529603956,0.6330729811452329,197.2197309951298,0.0
1730356381,122,,Aggregated,60.100000,60.100000,2,2,2,2,3,4,5,7,10,10,10,4957,4957,2,4.32903529603956,0.6330729811452329,197.2197309951298,0.0
1730356382,122,GET,/tools.descartes.teastore.webui/,60.600000,60.600000,2,2,2,2,3,4,5,7,10,10,10,5021,5021,2,4.297189970830097,0.6330729811452329,197.2197309951298,0.0
1730356382,122,,Aggregated,60.600000,60.600000,2,2,2,2,3,4,5,7,10,10,10,5021,5021,2,4.297189970830097,0.6330729811452329,197.2197309951298,0.0
1730356383,122,GET,/tools.descartes.teastore.webui/,60.600000,60.600000,2,2,2,2,3,4,5,7,10,10,10,5087,5087,2,4.263884625604044,0.6330729811452329,197.2197309951298,0.0
1730356383,122,,Aggregated,60.600000,60.600000,2,2,2,2,3,4,5,7,10,10,10,5087,5087,2,4.263884625604044,0.6330729811452329,197.2197309951298,0.0
1730356384,122,GET,/tools.descartes.teastore.webui/,60.900000,60.900000,2,2,2,2,3,4,5,7,10,10,10,5142,5142,2,4.236672166313828,0.6330729811452329,197.2197309951298,0.0
1730356384,122,,Aggregated,60.900000,60.900000,2,2,2,2,3,4,5,7,10,10,10,5142,5142,2,4.236672166313828,0.6330729811452329,197.2197309951298,0.0
1730356385,122,GET,/tools.descartes.teastore.webui/,60.300000,60.300000,2,2,2,2,3,4,5,6,10,10,10,5205,5205,2,4.20662187167115,0.6330729811452329,197.2197309951298,0.0
1730356385,122,,Aggregated,60.300000,60.300000,2,2,2,2,3,4,5,6,10,10,10,5205,5205,2,4.20662187167115,0.6330729811452329,197.2197309951298,0.0
1730356386,122,GET,/tools.descartes.teastore.webui/,61.000000,61.000000,2,2,2,2,3,4,5,6,10,10,10,5263,5263,2,4.176695529906706,0.6330729811452329,197.2197309951298,0.0
1730356386,122,,Aggregated,61.000000,61.000000,2,2,2,2,3,4,5,6,10,10,10,5263,5263,2,4.176695529906706,0.6330729811452329,197.2197309951298,0.0
1730356387,122,GET,/tools.descartes.teastore.webui/,60.200000,60.200000,2,2,2,2,3,4,5,6,10,10,10,5334,5334,2,4.148036941638364,0.6330729811452329,197.2197309951298,0.0
1730356387,122,,Aggregated,60.200000,60.200000,2,2,2,2,3,4,5,6,10,10,10,5334,5334,2,4.148036941638364,0.6330729811452329,197.2197309951298,0.0
1730356388,122,GET,/tools.descartes.teastore.webui/,60.800000,60.800000,2,2,2,2,3,4,7,11,31,31,31,5396,5396,2,4.140240097239964,0.6330729811452329,197.2197309951298,0.0
1730356388,122,,Aggregated,60.800000,60.800000,2,2,2,2,3,4,7,11,31,31,31,5396,5396,2,4.140240097239964,0.6330729811452329,197.2197309951298,0.0
1730356389,122,GET,/tools.descartes.teastore.webui/,60.600000,60.600000,2,2,2,2,3,4,6,11,31,31,31,5450,5450,2,4.1142091190403995,0.6330729811452329,197.2197309951298,0.0
1730356389,122,,Aggregated,60.600000,60.600000,2,2,2,2,3,4,6,11,31,31,31,5450,5450,2,4.1142091190403995,0.6330729811452329,197.2197309951298,0.0
1730356390,122,GET,/tools.descartes.teastore.webui/,60.600000,60.600000,2,2,2,2,3,4,6,11,31,31,31,5499,5499,2,4.09163218761765,0.6330729811452329,197.2197309951298,0.0
1730356390,122,,Aggregated,60.600000,60.600000,2,2,2,2,3,4,6,11,31,31,31,5499,5499,2,4.09163218761765,0.6330729811452329,197.2197309951298,0.0
1730356391,122,GET,/tools.descartes.teastore.webui/,60.500000,60.500000,2,2,2,2,3,4,6,11,31,31,31,5572,5572,2,4.059692277035767,0.6330729811452329,197.2197309951298,0.0
1730356391,122,,Aggregated,60.500000,60.500000,2,2,2,2,3,4,6,11,31,31,31,5572,5572,2,4.059692277035767,0.6330729811452329,197.2197309951298,0.0
1730356392,122,GET,/tools.descartes.teastore.webui/,60.000000,60.000000,2,2,2,2,3,3,6,11,31,31,31,5628,5628,2,4.033910844911237,0.6330729811452329,197.2197309951298,0.0
1730356392,122,,Aggregated,60.000000,60.000000,2,2,2,2,3,3,6,11,31,31,31,5628,5628,2,4.033910844911237,0.6330729811452329,197.2197309951298,0.0
1730356393,122,GET,/tools.descartes.teastore.webui/,61.000000,61.000000,1,2,2,2,3,3,5,11,31,31,31,5695,5695,2,4.004123560334879,0.6330729811452329,197.2197309951298,0.0
1730356393,122,,Aggregated,61.000000,61.000000,1,2,2,2,3,3,5,11,31,31,31,5695,5695,2,4.004123560334879,0.6330729811452329,197.2197309951298,0.0
1730356394,122,GET,/tools.descartes.teastore.webui/,60.300000,60.300000,1,2,2,2,3,3,5,11,31,31,31,5761,5761,2,3.9786026362099194,0.6330729811452329,197.2197309951298,0.0
1730356394,122,,Aggregated,60.300000,60.300000,1,2,2,2,3,3,5,11,31,31,31,5761,5761,2,3.9786026362099194,0.6330729811452329,197.2197309951298,0.0
1730356395,122,GET,/tools.descartes.teastore.webui/,60.700000,60.700000,2,2,2,2,3,3,6,11,31,31,31,5814,5814,2,3.9596908212221145,0.6330729811452329,197.2197309951298,0.0
1730356395,122,,Aggregated,60.700000,60.700000,2,2,2,2,3,3,6,11,31,31,31,5814,5814,2,3.9596908212221145,0.6330729811452329,197.2197309951298,0.0
1730356396,122,GET,/tools.descartes.teastore.webui/,60.800000,60.800000,1,2,2,2,2,3,5,11,31,31,31,5878,5878,2,3.9342864383742158,0.6330729811452329,197.2197309951298,0.0
1730356396,122,,Aggregated,60.800000,60.800000,1,2,2,2,2,3,5,11,31,31,31,5878,5878,2,3.9342864383742158,0.6330729811452329,197.2197309951298,0.0
1730356397,122,GET,/tools.descartes.teastore.webui/,60.400000,60.400000,1,2,2,2,2,3,5,11,31,31,31,5939,5939,2,3.9095609351095786,0.6330729811452329,197.2197309951298,0.0
1730356397,122,,Aggregated,60.400000,60.400000,1,2,2,2,2,3,5,11,31,31,31,5939,5939,2,3.9095609351095786,0.6330729811452329,197.2197309951298,0.0
1730356398,122,GET,/tools.descartes.teastore.webui/,60.500000,60.500000,1,2,2,2,2,3,4,4,7,7,7,6001,6001,2,3.88492330239266,0.6330729811452329,197.2197309951298,0.0
1730356398,122,,Aggregated,60.500000,60.500000,1,2,2,2,2,3,4,4,7,7,7,6001,6001,2,3.88492330239266,0.6330729811452329,197.2197309951298,0.0
1730356399,122,GET,/tools.descartes.teastore.webui/,59.800000,59.800000,1,2,2,2,2,3,4,4,7,7,7,6062,6062,2,3.8637301921137004,0.6330729811452329,197.2197309951298,0.0
1730356399,122,,Aggregated,59.800000,59.800000,1,2,2,2,2,3,4,4,7,7,7,6062,6062,2,3.8637301921137004,0.6330729811452329,197.2197309951298,0.0
1730356400,122,GET,/tools.descartes.teastore.webui/,61.400000,61.400000,1,2,2,2,2,3,4,4,7,7,7,6123,6123,2,3.840291350928599,0.6330729811452329,197.2197309951298,0.0
1730356400,122,,Aggregated,61.400000,61.400000,1,2,2,2,2,3,4,4,7,7,7,6123,6123,2,3.840291350928599,0.6330729811452329,197.2197309951298,0.0
1730356401,122,GET,/tools.descartes.teastore.webui/,61.100000,61.100000,1,2,2,2,2,3,4,4,7,7,7,6187,6187,2,3.820942102420996,0.6330729811452329,197.2197309951298,0.0
1730356401,122,,Aggregated,61.100000,61.100000,1,2,2,2,2,3,4,4,7,7,7,6187,6187,2,3.820942102420996,0.6330729811452329,197.2197309951298,0.0
1730356402,92,GET,/tools.descartes.teastore.webui/,61.600000,61.600000,2,2,2,2,2,3,4,5,7,7,7,6234,6234,2,3.8044024375472745,0.6330729811452329,197.2197309951298,0.0
1730356402,92,,Aggregated,61.600000,61.600000,2,2,2,2,2,3,4,5,7,7,7,6234,6234,2,3.8044024375472745,0.6330729811452329,197.2197309951298,0.0
1730356403,62,GET,/tools.descartes.teastore.webui/,60.500000,60.500000,2,2,2,2,2,3,4,5,7,7,7,6264,6264,2,3.7943213818246013,0.6330729811452329,197.2197309951298,0.0
1730356403,62,,Aggregated,60.500000,60.500000,2,2,2,2,2,3,4,5,7,7,7,6264,6264,2,3.7943213818246013,0.6330729811452329,197.2197309951298,0.0
1730356404,32,GET,/tools.descartes.teastore.webui/,60.800000,60.800000,2,2,2,2,2,3,4,4,6,6,6,6275,6275,2,3.7906332308727047,0.6330729811452329,197.2197309951298,0.0
1730356404,32,,Aggregated,60.800000,60.800000,2,2,2,2,2,3,4,4,6,6,6,6275,6275,2,3.7906332308727047,0.6330729811452329,197.2197309951298,0.0
1730356405,30,GET,/tools.descartes.teastore.webui/,58.100000,58.100000,2,2,2,2,2,3,4,4,6,6,6,6293,6293,2,3.7847839909167327,0.6330729811452329,197.2197309951298,0.0
1730356405,30,,Aggregated,58.100000,58.100000,2,2,2,2,2,3,4,4,6,6,6,6293,6293,2,3.7847839909167327,0.6330729811452329,197.2197309951298,0.0
1730356406,30,GET,/tools.descartes.teastore.webui/,53.400000,53.400000,2,2,2,2,2,3,4,4,6,6,6,6310,6310,2,3.7789038170764457,0.6330729811452329,197.2197309951298,0.0
1730356406,30,,Aggregated,53.400000,53.400000,2,2,2,2,2,3,4,4,6,6,6,6310,6310,2,3.7789038170764457,0.6330729811452329,197.2197309951298,0.0
1730356407,30,GET,/tools.descartes.teastore.webui/,49.600000,49.600000,2,2,2,2,2,3,4,4,6,6,6,6320,6320,2,3.7754298138794713,0.6330729811452329,197.2197309951298,0.0
1730356407,30,,Aggregated,49.600000,49.600000,2,2,2,2,2,3,4,4,6,6,6,6320,6320,2,3.7754298138794713,0.6330729811452329,197.2197309951298,0.0
1730356408,30,GET,/tools.descartes.teastore.webui/,44.600000,44.600000,2,2,2,2,2,3,4,5,6,6,6,6338,6338,2,3.769582850403708,0.6330729811452329,197.2197309951298,0.0
1730356408,30,,Aggregated,44.600000,44.600000,2,2,2,2,2,3,4,5,6,6,6,6338,6338,2,3.769582850403708,0.6330729811452329,197.2197309951298,0.0
1730356409,30,GET,/tools.descartes.teastore.webui/,40.000000,40.000000,2,2,2,2,2,3,4,5,6,6,6,6354,6354,2,3.7650083018407323,0.6330729811452329,197.2197309951298,0.0
1730356409,30,,Aggregated,40.000000,40.000000,2,2,2,2,2,3,4,5,6,6,6,6354,6354,2,3.7650083018407323,0.6330729811452329,197.2197309951298,0.0
1730356410,30,GET,/tools.descartes.teastore.webui/,34.800000,34.800000,2,2,2,2,2,3,4,5,6,6,6,6367,6367,2,3.7604473514863566,0.6330729811452329,197.2197309951298,0.0
1730356410,30,,Aggregated,34.800000,34.800000,2,2,2,2,2,3,4,5,6,6,6,6367,6367,2,3.7604473514863566,0.6330729811452329,197.2197309951298,0.0
1730356411,30,GET,/tools.descartes.teastore.webui/,30.300000,30.300000,2,2,2,2,2,3,4,5,5,5,5,6384,6384,2,3.7550396246890734,0.6330729811452329,197.2197309951298,0.0
1730356411,30,,Aggregated,30.300000,30.300000,2,2,2,2,2,3,4,5,5,5,5,6384,6384,2,3.7550396246890734,0.6330729811452329,197.2197309951298,0.0
1730356412,30,GET,/tools.descartes.teastore.webui/,26.000000,26.000000,2,2,2,2,2,2,4,5,5,5,5,6402,6402,2,3.748942679625283,0.6330729811452329,197.2197309951298,0.0
1730356412,30,,Aggregated,26.000000,26.000000,2,2,2,2,2,2,4,5,5,5,5,6402,6402,2,3.748942679625283,0.6330729811452329,197.2197309951298,0.0
1730356413,30,GET,/tools.descartes.teastore.webui/,21.700000,21.700000,2,2,2,2,2,2,4,5,5,5,5,6415,6415,2,3.744809062199105,0.6330729811452329,197.2197309951298,0.0
1730356413,30,,Aggregated,21.700000,21.700000,2,2,2,2,2,2,4,5,5,5,5,6415,6415,2,3.744809062199105,0.6330729811452329,197.2197309951298,0.0
1730356414,30,GET,/tools.descartes.teastore.webui/,17.400000,17.400000,2,2,2,2,2,2,4,5,5,5,5,6432,6432,2,3.7390072436359496,0.6330729811452329,197.2197309951298,0.0
1730356414,30,,Aggregated,17.400000,17.400000,2,2,2,2,2,2,4,5,5,5,5,6432,6432,2,3.7390072436359496,0.6330729811452329,197.2197309951298,0.0
1730356415,30,GET,/tools.descartes.teastore.webui/,15.500000,15.500000,2,2,2,2,2,2,4,5,5,5,5,6449,6449,2,3.732818439453745,0.6330729811452329,197.2197309951298,0.0
1730356415,30,,Aggregated,15.500000,15.500000,2,2,2,2,2,2,4,5,5,5,5,6449,6449,2,3.732818439453745,0.6330729811452329,197.2197309951298,0.0
1730356416,30,GET,/tools.descartes.teastore.webui/,15.400000,15.400000,2,2,2,2,2,2,4,5,5,5,5,6460,6460,2,3.728853721364802,0.6330729811452329,197.2197309951298,0.0
1730356416,30,,Aggregated,15.400000,15.400000,2,2,2,2,2,2,4,5,5,5,5,6460,6460,2,3.728853721364802,0.6330729811452329,197.2197309951298,0.0
1730356417,30,GET,/tools.descartes.teastore.webui/,15.700000,15.700000,2,2,2,2,2,2,4,5,5,5,5,6477,6477,2,3.723012740145828,0.6330729811452329,197.2197309951298,0.0
1730356417,30,,Aggregated,15.700000,15.700000,2,2,2,2,2,2,4,5,5,5,5,6477,6477,2,3.723012740145828,0.6330729811452329,197.2197309951298,0.0
1730356418,30,GET,/tools.descartes.teastore.webui/,15.100000,15.100000,2,2,2,2,2,2,4,5,5,5,5,6491,6491,2,3.7183599909141223,0.6330729811452329,197.2197309951298,0.0
1730356418,30,,Aggregated,15.100000,15.100000,2,2,2,2,2,2,4,5,5,5,5,6491,6491,2,3.7183599909141223,0.6330729811452329,197.2197309951298,0.0
1730356419,30,GET,/tools.descartes.teastore.webui/,15.300000,15.300000,2,2,2,2,2,2,2,4,5,5,5,6507,6507,2,3.712669961442574,0.6330729811452329,197.2197309951298,0.0
1730356419,30,,Aggregated,15.300000,15.300000,2,2,2,2,2,2,2,4,5,5,5,6507,6507,2,3.712669961442574,0.6330729811452329,197.2197309951298,0.0
1730356420,30,GET,/tools.descartes.teastore.webui/,15.500000,15.500000,2,2,2,2,2,2,2,2,4,4,4,6523,6523,2,3.707707656906364,0.6330729811452329,197.2197309951298,0.0
1730356420,30,,Aggregated,15.500000,15.500000,2,2,2,2,2,2,2,2,4,4,4,6523,6523,2,3.707707656906364,0.6330729811452329,197.2197309951298,0.0
1730356421,30,GET,/tools.descartes.teastore.webui/,15.600000,15.600000,2,2,2,2,2,2,2,2,4,4,4,6538,6538,2,3.7029138952034275,0.6330729811452329,197.2197309951298,0.0
1730356421,30,,Aggregated,15.600000,15.600000,2,2,2,2,2,2,2,2,4,4,4,6538,6538,2,3.7029138952034275,0.6330729811452329,197.2197309951298,0.0
1730356422,30,GET,/tools.descartes.teastore.webui/,15.100000,15.100000,2,2,2,2,2,2,3,4,5,5,5,6553,6553,2,3.6990769387812064,0.6330729811452329,197.2197309951298,0.0
1730356422,30,,Aggregated,15.100000,15.100000,2,2,2,2,2,2,3,4,5,5,5,6553,6553,2,3.6990769387812064,0.6330729811452329,197.2197309951298,0.0
1730356423,30,GET,/tools.descartes.teastore.webui/,15.100000,15.100000,2,2,2,2,2,2,4,4,5,5,5,6566,6566,2,3.6953414034306467,0.6330729811452329,197.2197309951298,0.0
1730356423,30,,Aggregated,15.100000,15.100000,2,2,2,2,2,2,4,4,5,5,5,6566,6566,2,3.6953414034306467,0.6330729811452329,197.2197309951298,0.0
1730356424,30,GET,/tools.descartes.teastore.webui/,15.300000,15.300000,2,2,2,2,2,2,3,4,5,5,5,6578,6578,2,3.691492073440216,0.6330729811452329,197.2197309951298,0.0
1730356424,30,,Aggregated,15.300000,15.300000,2,2,2,2,2,2,3,4,5,5,5,6578,6578,2,3.691492073440216,0.6330729811452329,197.2197309951298,0.0
1730356425,30,GET,/tools.descartes.teastore.webui/,15.300000,15.300000,2,2,2,2,2,2,3,4,5,5,5,6597,6597,2,3.68554867680947,0.6330729811452329,197.2197309951298,0.0
1730356425,30,,Aggregated,15.300000,15.300000,2,2,2,2,2,2,3,4,5,5,5,6597,6597,2,3.68554867680947,0.6330729811452329,197.2197309951298,0.0
1730356426,30,GET,/tools.descartes.teastore.webui/,14.600000,14.600000,2,2,2,2,2,2,3,4,5,5,5,6613,6613,2,3.68033679296979,0.6330729811452329,197.2197309951298,0.0
1730356426,30,,Aggregated,14.600000,14.600000,2,2,2,2,2,2,3,4,5,5,5,6613,6613,2,3.68033679296979,0.6330729811452329,197.2197309951298,0.0
1730356427,30,GET,/tools.descartes.teastore.webui/,14.800000,14.800000,2,2,2,2,2,2,3,4,5,5,5,6629,6629,2,3.6751772266871487,0.6330729811452329,197.2197309951298,0.0
1730356427,30,,Aggregated,14.800000,14.800000,2,2,2,2,2,2,3,4,5,5,5,6629,6629,2,3.6751772266871487,0.6330729811452329,197.2197309951298,0.0
1730356428,30,GET,/tools.descartes.teastore.webui/,14.800000,14.800000,2,2,2,2,2,2,3,4,5,5,5,6644,6644,2,3.670135782338067,0.6330729811452329,197.2197309951298,0.0
1730356428,30,,Aggregated,14.800000,14.800000,2,2,2,2,2,2,3,4,5,5,5,6644,6644,2,3.670135782338067,0.6330729811452329,197.2197309951298,0.0
1730356429,30,GET,/tools.descartes.teastore.webui/,15.100000,15.100000,2,2,2,2,2,2,3,4,5,5,5,6658,6658,2,3.6658901235959602,0.6330729811452329,197.2197309951298,0.0
1730356429,30,,Aggregated,15.100000,15.100000,2,2,2,2,2,2,3,4,5,5,5,6658,6658,2,3.6658901235959602,0.6330729811452329,197.2197309951298,0.0
1730356430,30,GET,/tools.descartes.teastore.webui/,14.800000,14.800000,2,2,2,2,2,2,3,4,5,5,5,6670,6670,2,3.6622738662281256,0.6330729811452329,197.2197309951298,0.0
1730356430,30,,Aggregated,14.800000,14.800000,2,2,2,2,2,2,3,4,5,5,5,6670,6670,2,3.6622738662281256,0.6330729811452329,197.2197309951298,0.0
1730356431,30,GET,/tools.descartes.teastore.webui/,15.000000,15.000000,2,2,2,2,2,2,3,3,4,4,4,6689,6689,2,3.6568125185561167,0.6330729811452329,197.2197309951298,0.0
1730356431,30,,Aggregated,15.000000,15.000000,2,2,2,2,2,2,3,3,4,4,4,6689,6689,2,3.6568125185561167,0.6330729811452329,197.2197309951298,0.0
1730356432,30,GET,/tools.descartes.teastore.webui/,14.800000,14.800000,2,2,2,2,2,2,2,2,3,3,3,6701,6701,2,3.652817624475648,0.6330729811452329,197.2197309951298,0.0
1730356432,30,,Aggregated,14.800000,14.800000,2,2,2,2,2,2,2,2,3,3,3,6701,6701,2,3.652817624475648,0.6330729811452329,197.2197309951298,0.0
1730356433,30,GET,/tools.descartes.teastore.webui/,14.800000,14.800000,2,2,2,2,2,2,2,2,3,3,3,6713,6713,2,3.6490748295103765,0.6330729811452329,197.2197309951298,0.0
1730356433,30,,Aggregated,14.800000,14.800000,2,2,2,2,2,2,2,2,3,3,3,6713,6713,2,3.6490748295103765,0.6330729811452329,197.2197309951298,0.0
1730356434,30,GET,/tools.descartes.teastore.webui/,15.000000,15.000000,2,2,2,2,2,2,2,2,3,3,3,6734,6734,2,3.64224644930204,0.6330729811452329,197.2197309951298,0.0
1730356434,30,,Aggregated,15.000000,15.000000,2,2,2,2,2,2,2,2,3,3,3,6734,6734,2,3.64224644930204,0.6330729811452329,197.2197309951298,0.0
1730356435,30,GET,/tools.descartes.teastore.webui/,14.700000,14.700000,2,2,2,2,2,2,2,2,3,3,3,6747,6747,2,3.6382542894053715,0.6330729811452329,197.2197309951298,0.0
1730356435,30,,Aggregated,14.700000,14.700000,2,2,2,2,2,2,2,2,3,3,3,6747,6747,2,3.6382542894053715,0.6330729811452329,197.2197309951298,0.0
1730356436,30,GET,/tools.descartes.teastore.webui/,15.300000,15.300000,2,2,2,2,2,2,2,2,2,2,2,6763,6763,2,3.6330068330042247,0.6330729811452329,197.2197309951298,0.0
1730356436,30,,Aggregated,15.300000,15.300000,2,2,2,2,2,2,2,2,2,2,2,6763,6763,2,3.6330068330042247,0.6330729811452329,197.2197309951298,0.0
1730356437,30,GET,/tools.descartes.teastore.webui/,14.700000,14.700000,2,2,2,2,2,2,2,3,4,4,4,6779,6779,2,3.628671650904536,0.6330729811452329,197.2197309951298,0.0
1730356437,30,,Aggregated,14.700000,14.700000,2,2,2,2,2,2,2,3,4,4,4,6779,6779,2,3.628671650904536,0.6330729811452329,197.2197309951298,0.0
1730356438,30,GET,/tools.descartes.teastore.webui/,15.200000,15.200000,2,2,2,2,2,2,2,3,4,4,4,6788,6788,2,3.6260142592037794,0.6330729811452329,197.2197309951298,0.0
1730356438,30,,Aggregated,15.200000,15.200000,2,2,2,2,2,2,2,3,4,4,4,6788,6788,2,3.6260142592037794,0.6330729811452329,197.2197309951298,0.0
1730356439,30,GET,/tools.descartes.teastore.webui/,15.200000,15.200000,2,2,2,2,2,2,3,3,4,4,4,6808,6808,2,3.6206799773042464,0.6330729811452329,197.2197309951298,0.0
1730356439,30,,Aggregated,15.200000,15.200000,2,2,2,2,2,2,3,3,4,4,4,6808,6808,2,3.6206799773042464,0.6330729811452329,197.2197309951298,0.0
1730356440,30,GET,/tools.descartes.teastore.webui/,14.500000,14.500000,2,2,2,2,2,2,3,3,4,4,4,6821,6821,2,3.616662205049047,0.6330729811452329,197.2197309951298,0.0
1730356440,30,,Aggregated,14.500000,14.500000,2,2,2,2,2,2,3,3,4,4,4,6821,6821,2,3.616662205049047,0.6330729811452329,197.2197309951298,0.0
1730356441,30,GET,/tools.descartes.teastore.webui/,15.000000,15.000000,2,2,2,2,2,2,3,3,4,4,4,6839,6839,2,3.6114936918584024,0.6330729811452329,197.2197309951298,0.0
1730356441,30,,Aggregated,15.000000,15.000000,2,2,2,2,2,2,3,3,4,4,4,6839,6839,2,3.6114936918584024,0.6330729811452329,197.2197309951298,0.0
1730356442,30,GET,/tools.descartes.teastore.webui/,15.100000,15.100000,2,2,2,2,2,2,3,3,4,4,4,6851,6851,2,3.607567904475661,0.6330729811452329,197.2197309951298,0.0
1730356442,30,,Aggregated,15.100000,15.100000,2,2,2,2,2,2,3,3,4,4,4,6851,6851,2,3.607567904475661,0.6330729811452329,197.2197309951298,0.0
1730356443,30,GET,/tools.descartes.teastore.webui/,14.900000,14.900000,2,2,2,2,2,2,3,4,4,4,4,6869,6869,2,3.602478165897202,0.6330729811452329,197.2197309951298,0.0
1730356443,30,,Aggregated,14.900000,14.900000,2,2,2,2,2,2,3,4,4,4,4,6869,6869,2,3.602478165897202,0.6330729811452329,197.2197309951298,0.0
1730356444,30,GET,/tools.descartes.teastore.webui/,14.900000,14.900000,2,2,2,2,2,2,3,4,4,4,4,6881,6881,2,3.5988763519172307,0.6330729811452329,197.2197309951298,0.0
1730356444,30,,Aggregated,14.900000,14.900000,2,2,2,2,2,2,3,4,4,4,4,6881,6881,2,3.5988763519172307,0.6330729811452329,197.2197309951298,0.0
1730356445,30,GET,/tools.descartes.teastore.webui/,15.000000,15.000000,2,2,2,2,2,2,3,4,4,4,4,6894,6894,2,3.5951134688826807,0.6330729811452329,197.2197309951298,0.0
1730356445,30,,Aggregated,15.000000,15.000000,2,2,2,2,2,2,3,4,4,4,4,6894,6894,2,3.5951134688826807,0.6330729811452329,197.2197309951298,0.0
1730356446,30,GET,/tools.descartes.teastore.webui/,15.000000,15.000000,2,2,2,2,2,2,3,4,4,4,4,6912,6912,2,3.5897399481436203,0.6330729811452329,197.2197309951298,0.0
1730356446,30,,Aggregated,15.000000,15.000000,2,2,2,2,2,2,3,4,4,4,4,6912,6912,2,3.5897399481436203,0.6330729811452329,197.2197309951298,0.0
1730356447,30,GET,/tools.descartes.teastore.webui/,15.100000,15.100000,2,2,2,2,2,2,3,3,4,4,4,6924,6924,2,3.5860586671698984,0.6330729811452329,197.2197309951298,0.0
1730356447,30,,Aggregated,15.100000,15.100000,2,2,2,2,2,2,3,3,4,4,4,6924,6924,2,3.5860586671698984,0.6330729811452329,197.2197309951298,0.0
1730356448,30,GET,/tools.descartes.teastore.webui/,15.000000,15.000000,2,2,2,2,2,2,3,3,4,4,4,6938,6938,2,3.5820818904204854,0.6330729811452329,197.2197309951298,0.0
1730356448,30,,Aggregated,15.000000,15.000000,2,2,2,2,2,2,3,3,4,4,4,6938,6938,2,3.5820818904204854,0.6330729811452329,197.2197309951298,0.0
1730356449,30,GET,/tools.descartes.teastore.webui/,14.600000,14.600000,2,2,2,2,2,2,3,3,4,4,4,6956,6956,2,3.576914964598505,0.6330729811452329,197.2197309951298,0.0
1730356449,30,,Aggregated,14.600000,14.600000,2,2,2,2,2,2,3,3,4,4,4,6956,6956,2,3.576914964598505,0.6330729811452329,197.2197309951298,0.0
1730356450,30,GET,/tools.descartes.teastore.webui/,15.200000,15.200000,2,2,2,2,2,2,3,3,4,4,4,6972,6972,2,3.5724568503453438,0.6330729811452329,197.2197309951298,0.0
1730356450,30,,Aggregated,15.200000,15.200000,2,2,2,2,2,2,3,3,4,4,4,6972,6972,2,3.5724568503453438,0.6330729811452329,197.2197309951298,0.0
1730356451,30,GET,/tools.descartes.teastore.webui/,14.800000,14.800000,2,2,2,2,2,2,2,3,4,4,4,6987,6987,2,3.567625188705391,0.6330729811452329,197.2197309951298,0.0
1730356451,30,,Aggregated,14.800000,14.800000,2,2,2,2,2,2,2,3,4,4,4,6987,6987,2,3.567625188705391,0.6330729811452329,197.2197309951298,0.0
1730356452,30,GET,/tools.descartes.teastore.webui/,14.900000,14.900000,2,2,2,2,2,2,3,3,4,4,4,7002,7002,2,3.5633986759913556,0.6330729811452329,197.2197309951298,0.0
1730356452,30,,Aggregated,14.900000,14.900000,2,2,2,2,2,2,3,3,4,4,4,7002,7002,2,3.5633986759913556,0.6330729811452329,197.2197309951298,0.0
1730356453,30,GET,/tools.descartes.teastore.webui/,15.100000,15.100000,2,2,2,2,2,2,4,4,7,7,7,7017,7017,2,3.560730805782474,0.6330729811452329,197.2197309951298,0.0
1730356453,30,,Aggregated,15.100000,15.100000,2,2,2,2,2,2,4,4,7,7,7,7017,7017,2,3.560730805782474,0.6330729811452329,197.2197309951298,0.0
1730356454,30,GET,/tools.descartes.teastore.webui/,14.900000,14.900000,2,2,2,2,2,2,4,4,7,7,7,7032,7032,2,3.556289990489576,0.6330729811452329,197.2197309951298,0.0
1730356454,30,,Aggregated,14.900000,14.900000,2,2,2,2,2,2,4,4,7,7,7,7032,7032,2,3.556289990489576,0.6330729811452329,197.2197309951298,0.0
1730356455,30,GET,/tools.descartes.teastore.webui/,15.100000,15.100000,2,2,2,2,2,2,4,4,7,7,7,7049,7049,2,3.5509749809878546,0.6330729811452329,197.2197309951298,0.0
1730356455,30,,Aggregated,15.100000,15.100000,2,2,2,2,2,2,4,4,7,7,7,7049,7049,2,3.5509749809878546,0.6330729811452329,197.2197309951298,0.0
1730356456,30,GET,/tools.descartes.teastore.webui/,14.800000,14.800000,2,2,2,2,2,2,4,4,7,7,7,7062,7062,2,3.547323668509863,0.6330729811452329,197.2197309951298,0.0
1730356456,30,,Aggregated,14.800000,14.800000,2,2,2,2,2,2,4,4,7,7,7,7062,7062,2,3.547323668509863,0.6330729811452329,197.2197309951298,0.0
1730356457,30,GET,/tools.descartes.teastore.webui/,15.000000,15.000000,1,2,2,2,2,3,4,4,7,7,7,7077,7077,2,3.5427969416303533,0.6330729811452329,197.2197309951298,0.0
1730356457,30,,Aggregated,15.000000,15.000000,1,2,2,2,2,3,4,4,7,7,7,7077,7077,2,3.5427969416303533,0.6330729811452329,197.2197309951298,0.0
1730356458,30,GET,/tools.descartes.teastore.webui/,15.100000,15.100000,1,2,2,2,2,3,4,4,7,7,7,7091,7091,2,3.5389061522991345,0.6330729811452329,197.2197309951298,0.0
1730356458,30,,Aggregated,15.100000,15.100000,1,2,2,2,2,3,4,4,7,7,7,7091,7091,2,3.5389061522991345,0.6330729811452329,197.2197309951298,0.0
1730356459,30,GET,/tools.descartes.teastore.webui/,15.500000,15.500000,1,2,2,2,2,3,4,5,7,7,7,7107,7107,2,3.5348848066575362,0.6330729811452329,197.2197309951298,0.0
1730356459,30,,Aggregated,15.500000,15.500000,1,2,2,2,2,3,4,5,7,7,7,7107,7107,2,3.5348848066575362,0.6330729811452329,197.2197309951298,0.0
1730356460,30,GET,/tools.descartes.teastore.webui/,15.400000,15.400000,1,2,2,2,2,3,5,5,7,7,7,7122,7122,2,3.5317014273824507,0.6330729811452329,197.2197309951298,0.0
1730356460,30,,Aggregated,15.400000,15.400000,1,2,2,2,2,3,5,5,7,7,7,7122,7122,2,3.5317014273824507,0.6330729811452329,197.2197309951298,0.0
1730356461,30,GET,/tools.descartes.teastore.webui/,14.900000,14.900000,1,2,2,2,2,3,5,5,7,7,7,7138,7138,2,3.5273994278335206,0.6330729811452329,197.2197309951298,0.0
1730356461,30,,Aggregated,14.900000,14.900000,1,2,2,2,2,3,5,5,7,7,7,7138,7138,2,3.5273994278335206,0.6330729811452329,197.2197309951298,0.0
1730356462,68,GET,/tools.descartes.teastore.webui/,15.400000,15.400000,2,2,3,24,57,81,90,95,98,98,98,7191,7191,2,3.8112712989586126,0.6330729811452329,197.2197309951298,0.0
1730356462,68,,Aggregated,15.400000,15.400000,2,2,3,24,57,81,90,95,98,98,98,7191,7191,2,3.8112712989586126,0.6330729811452329,197.2197309951298,0.0
1730356463,68,GET,/tools.descartes.teastore.webui/,15.100000,15.100000,2,2,2,15,53,79,90,95,98,98,98,7223,7223,2,3.8012255471106013,0.6330729811452329,197.2197309951298,0.0
1730356463,68,,Aggregated,15.100000,15.100000,2,2,2,15,53,79,90,95,98,98,98,7223,7223,2,3.8012255471106013,0.6330729811452329,197.2197309951298,0.0
1730356464,68,GET,/tools.descartes.teastore.webui/,18.800000,18.800000,2,2,2,4,48,75,88,93,98,98,98,7261,7261,2,3.7899180177471314,0.6330729811452329,197.2197309951298,0.0
1730356464,68,,Aggregated,18.800000,18.800000,2,2,2,4,48,75,88,93,98,98,98,7261,7261,2,3.7899180177471314,0.6330729811452329,197.2197309951298,0.0
1730356465,68,GET,/tools.descartes.teastore.webui/,19.800000,19.800000,2,2,2,3,46,74,88,93,98,98,98,7293,7293,2,3.780236285769257,0.6330729811452329,197.2197309951298,0.0
1730356465,68,,Aggregated,19.800000,19.800000,2,2,2,3,46,74,88,93,98,98,98,7293,7293,2,3.780236285769257,0.6330729811452329,197.2197309951298,0.0
1730356466,68,GET,/tools.descartes.teastore.webui/,22.400000,22.400000,2,2,2,2,45,72,88,93,98,98,98,7324,7324,2,3.7702615853582278,0.6330729811452329,197.2197309951298,0.0
1730356466,68,,Aggregated,22.400000,22.400000,2,2,2,2,45,72,88,93,98,98,98,7324,7324,2,3.7702615853582278,0.6330729811452329,197.2197309951298,0.0
1730356467,68,GET,/tools.descartes.teastore.webui/,24.000000,24.000000,2,2,2,2,38,70,87,93,98,98,98,7365,7365,2,3.758796340716688,0.6330729811452329,197.2197309951298,0.0
1730356467,68,,Aggregated,24.000000,24.000000,2,2,2,2,38,70,87,93,98,98,98,7365,7365,2,3.758796340716688,0.6330729811452329,197.2197309951298,0.0
1730356468,68,GET,/tools.descartes.teastore.webui/,25.800000,25.800000,2,2,2,2,34,68,87,93,98,98,98,7398,7398,2,3.749146277670202,0.6330729811452329,197.2197309951298,0.0
1730356468,68,,Aggregated,25.800000,25.800000,2,2,2,2,34,68,87,93,98,98,98,7398,7398,2,3.749146277670202,0.6330729811452329,197.2197309951298,0.0
1730356469,68,GET,/tools.descartes.teastore.webui/,27.400000,27.400000,2,2,2,2,31,66,85,90,98,98,98,7433,7433,2,3.7388307212728025,0.6330729811452329,197.2197309951298,0.0
1730356469,68,,Aggregated,27.400000,27.400000,2,2,2,2,31,66,85,90,98,98,98,7433,7433,2,3.7388307212728025,0.6330729811452329,197.2197309951298,0.0
1730356470,68,GET,/tools.descartes.teastore.webui/,29.500000,29.500000,2,2,2,2,30,59,85,90,98,98,98,7465,7465,2,3.730100808491742,0.6330729811452329,197.2197309951298,0.0
1730356470,68,,Aggregated,29.500000,29.500000,2,2,2,2,30,59,85,90,98,98,98,7465,7465,2,3.730100808491742,0.6330729811452329,197.2197309951298,0.0
1730356471,68,GET,/tools.descartes.teastore.webui/,31.900000,31.900000,2,2,2,2,2,2,3,4,5,5,5,7497,7497,2,3.720534514020634,0.6330729811452329,197.2197309951298,0.0
1730356471,68,,Aggregated,31.900000,31.900000,2,2,2,2,2,2,3,4,5,5,5,7497,7497,2,3.720534514020634,0.6330729811452329,197.2197309951298,0.0
1730356472,68,GET,/tools.descartes.teastore.webui/,33.400000,33.400000,2,2,2,2,2,2,3,3,5,5,5,7529,7529,2,3.7109604681044055,0.6330729811452329,197.2197309951298,0.0
1730356472,68,,Aggregated,33.400000,33.400000,2,2,2,2,2,2,3,3,5,5,5,7529,7529,2,3.7109604681044055,0.6330729811452329,197.2197309951298,0.0
1730356473,68,GET,/tools.descartes.teastore.webui/,35.200000,35.200000,2,2,2,2,2,3,3,5,44,44,44,7572,7572,2,3.706092106648123,0.6330729811452329,197.2197309951298,0.0
1730356473,68,,Aggregated,35.200000,35.200000,2,2,2,2,2,3,3,5,44,44,44,7572,7572,2,3.706092106648123,0.6330729811452329,197.2197309951298,0.0
1730356474,68,GET,/tools.descartes.teastore.webui/,33.300000,33.300000,2,2,2,2,2,3,3,5,44,44,44,7602,7602,2,3.6985724937693005,0.6330729811452329,197.2197309951298,0.0
1730356474,68,,Aggregated,33.300000,33.300000,2,2,2,2,2,3,3,5,44,44,44,7602,7602,2,3.6985724937693005,0.6330729811452329,197.2197309951298,0.0
1730356475,68,GET,/tools.descartes.teastore.webui/,34.300000,34.300000,2,2,2,2,2,3,4,5,44,44,44,7638,7638,2,3.689361554300415,0.6330729811452329,197.2197309951298,0.0
1730356475,68,,Aggregated,34.300000,34.300000,2,2,2,2,2,3,4,5,44,44,44,7638,7638,2,3.689361554300415,0.6330729811452329,197.2197309951298,0.0
1730356476,68,GET,/tools.descartes.teastore.webui/,33.800000,33.800000,2,2,2,2,2,3,4,5,44,44,44,7670,7670,2,3.6818647644931213,0.6330729811452329,197.2197309951298,0.0
1730356476,68,,Aggregated,33.800000,33.800000,2,2,2,2,2,3,4,5,44,44,44,7670,7670,2,3.6818647644931213,0.6330729811452329,197.2197309951298,0.0
1730356477,68,GET,/tools.descartes.teastore.webui/,34.000000,34.000000,2,2,2,2,2,3,4,5,44,44,44,7706,7706,2,3.6717272476483376,0.6330729811452329,197.2197309951298,0.0
1730356477,68,,Aggregated,34.000000,34.000000,2,2,2,2,2,3,4,5,44,44,44,7706,7706,2,3.6717272476483376,0.6330729811452329,197.2197309951298,0.0
1730356478,68,GET,/tools.descartes.teastore.webui/,33.900000,33.900000,2,2,2,2,2,3,4,5,44,44,44,7748,7748,2,3.6600014510165195,0.6330729811452329,197.2197309951298,0.0
1730356478,68,,Aggregated,33.900000,33.900000,2,2,2,2,2,3,4,5,44,44,44,7748,7748,2,3.6600014510165195,0.6330729811452329,197.2197309951298,0.0
1730356479,68,GET,/tools.descartes.teastore.webui/,34.200000,34.200000,2,2,2,2,2,3,4,5,44,44,44,7779,7779,2,3.6516786365195615,0.6330729811452329,197.2197309951298,0.0
1730356479,68,,Aggregated,34.200000,34.200000,2,2,2,2,2,3,4,5,44,44,44,7779,7779,2,3.6516786365195615,0.6330729811452329,197.2197309951298,0.0
1730356480,68,GET,/tools.descartes.teastore.webui/,34.800000,34.800000,2,2,2,2,2,3,4,5,44,44,44,7817,7817,2,3.641264551029134,0.6330729811452329,197.2197309951298,0.0
1730356480,68,,Aggregated,34.800000,34.800000,2,2,2,2,2,3,4,5,44,44,44,7817,7817,2,3.641264551029134,0.6330729811452329,197.2197309951298,0.0
1730356481,68,GET,/tools.descartes.teastore.webui/,34.400000,34.400000,2,2,2,2,2,3,4,5,44,44,44,7849,7849,2,3.633879211906924,0.6330729811452329,197.2197309951298,0.0
1730356481,68,,Aggregated,34.400000,34.400000,2,2,2,2,2,3,4,5,44,44,44,7849,7849,2,3.633879211906924,0.6330729811452329,197.2197309951298,0.0
1730356482,68,GET,/tools.descartes.teastore.webui/,34.600000,34.600000,2,2,2,2,2,3,4,4,5,5,5,7884,7884,2,3.6250813388041108,0.6330729811452329,197.2197309951298,0.0
1730356482,68,,Aggregated,34.600000,34.600000,2,2,2,2,2,3,4,4,5,5,5,7884,7884,2,3.6250813388041108,0.6330729811452329,197.2197309951298,0.0
1730356483,68,GET,/tools.descartes.teastore.webui/,35.400000,35.400000,2,2,2,2,2,3,4,5,5,5,5,7917,7917,2,3.6170971107983143,0.6330729811452329,197.2197309951298,0.0
1730356483,68,,Aggregated,35.400000,35.400000,2,2,2,2,2,3,4,5,5,5,5,7917,7917,2,3.6170971107983143,0.6330729811452329,197.2197309951298,0.0
1730356484,68,GET,/tools.descartes.teastore.webui/,35.300000,35.300000,2,2,2,2,2,3,4,4,5,5,5,7955,7955,2,3.6073902240277653,0.6330729811452329,197.2197309951298,0.0
1730356484,68,,Aggregated,35.300000,35.300000,2,2,2,2,2,3,4,4,5,5,5,7955,7955,2,3.6073902240277653,0.6330729811452329,197.2197309951298,0.0
1730356485,68,GET,/tools.descartes.teastore.webui/,35.400000,35.400000,2,2,2,2,2,3,4,4,5,5,5,7989,7989,2,3.599008544026315,0.6330729811452329,197.2197309951298,0.0
1730356485,68,,Aggregated,35.400000,35.400000,2,2,2,2,2,3,4,4,5,5,5,7989,7989,2,3.599008544026315,0.6330729811452329,197.2197309951298,0.0
1730356486,68,GET,/tools.descartes.teastore.webui/,35.500000,35.500000,2,2,2,2,2,3,3,4,5,5,5,8019,8019,2,3.591308324125204,0.6330729811452329,197.2197309951298,0.0
1730356486,68,,Aggregated,35.500000,35.500000,2,2,2,2,2,3,3,4,5,5,5,8019,8019,2,3.591308324125204,0.6330729811452329,197.2197309951298,0.0
1730356487,68,GET,/tools.descartes.teastore.webui/,35.400000,35.400000,2,2,2,2,2,3,3,4,5,5,5,8052,8052,2,3.582730915337434,0.6330729811452329,197.2197309951298,0.0
1730356487,68,,Aggregated,35.400000,35.400000,2,2,2,2,2,3,3,4,5,5,5,8052,8052,2,3.582730915337434,0.6330729811452329,197.2197309951298,0.0
1730356488,68,GET,/tools.descartes.teastore.webui/,34.900000,34.900000,2,2,2,2,2,3,4,5,58,58,58,8085,8085,2,3.582431929273532,0.6330729811452329,197.2197309951298,0.0
1730356488,68,,Aggregated,34.900000,34.900000,2,2,2,2,2,3,4,5,58,58,58,8085,8085,2,3.582431929273532,0.6330729811452329,197.2197309951298,0.0
1730356489,68,GET,/tools.descartes.teastore.webui/,35.100000,35.100000,2,2,2,2,2,3,4,4,58,58,58,8122,8122,2,3.57253575132722,0.6330729811452329,197.2197309951298,0.0
1730356489,68,,Aggregated,35.100000,35.100000,2,2,2,2,2,3,4,4,58,58,58,8122,8122,2,3.57253575132722,0.6330729811452329,197.2197309951298,0.0
1730356490,68,GET,/tools.descartes.teastore.webui/,33.700000,33.700000,2,2,2,2,2,3,4,5,58,58,58,8158,8158,2,3.564687176076645,0.6330729811452329,197.2197309951298,0.0
1730356490,68,,Aggregated,33.700000,33.700000,2,2,2,2,2,3,4,5,58,58,58,8158,8158,2,3.564687176076645,0.6330729811452329,197.2197309951298,0.0
1730356491,68,GET,/tools.descartes.teastore.webui/,34.400000,34.400000,2,2,2,2,2,3,4,5,58,58,58,8189,8189,2,3.557303496458181,0.6330729811452329,197.2197309951298,0.0
1730356491,68,,Aggregated,34.400000,34.400000,2,2,2,2,2,3,4,5,58,58,58,8189,8189,2,3.557303496458181,0.6330729811452329,197.2197309951298,0.0
1730356492,68,GET,/tools.descartes.teastore.webui/,33.900000,33.900000,2,2,2,2,2,3,4,5,58,58,58,8220,8220,2,3.5518497578576524,0.6330729811452329,197.2197309951298,0.0
1730356492,68,,Aggregated,33.900000,33.900000,2,2,2,2,2,3,4,5,58,58,58,8220,8220,2,3.5518497578576524,0.6330729811452329,197.2197309951298,0.0
1730356493,68,GET,/tools.descartes.teastore.webui/,34.300000,34.300000,2,2,2,2,2,3,4,5,58,58,58,8255,8255,2,3.543150435442411,0.6330729811452329,197.2197309951298,0.0
1730356493,68,,Aggregated,34.300000,34.300000,2,2,2,2,2,3,4,5,58,58,58,8255,8255,2,3.543150435442411,0.6330729811452329,197.2197309951298,0.0
1730356494,68,GET,/tools.descartes.teastore.webui/,34.000000,34.000000,2,2,2,2,2,3,4,5,58,58,58,8288,8288,2,3.5347810244275024,0.6330729811452329,197.2197309951298,0.0
1730356494,68,,Aggregated,34.000000,34.000000,2,2,2,2,2,3,4,5,58,58,58,8288,8288,2,3.5347810244275024,0.6330729811452329,197.2197309951298,0.0
1730356495,68,GET,/tools.descartes.teastore.webui/,34.000000,34.000000,2,2,2,2,2,3,4,5,58,58,58,8326,8326,2,3.5278539209253124,0.6330729811452329,197.2197309951298,0.0
1730356495,68,,Aggregated,34.000000,34.000000,2,2,2,2,2,3,4,5,58,58,58,8326,8326,2,3.5278539209253124,0.6330729811452329,197.2197309951298,0.0
1730356496,68,GET,/tools.descartes.teastore.webui/,33.100000,33.100000,2,2,2,2,2,3,4,5,58,58,58,8364,8364,2,3.519155597890469,0.6330729811452329,197.2197309951298,0.0
1730356496,68,,Aggregated,33.100000,33.100000,2,2,2,2,2,3,4,5,58,58,58,8364,8364,2,3.519155597890469,0.6330729811452329,197.2197309951298,0.0
1730356497,68,GET,/tools.descartes.teastore.webui/,33.700000,33.700000,2,2,2,2,2,3,4,5,58,58,58,8394,8394,2,3.511953470069708,0.6330729811452329,197.2197309951298,0.0
1730356497,68,,Aggregated,33.700000,33.700000,2,2,2,2,2,3,4,5,58,58,58,8394,8394,2,3.511953470069708,0.6330729811452329,197.2197309951298,0.0
1730356498,68,GET,/tools.descartes.teastore.webui/,34.000000,34.000000,2,2,2,2,2,3,4,5,6,6,6,8428,8428,2,3.50477711397743,0.6330729811452329,197.2197309951298,0.0
1730356498,68,,Aggregated,34.000000,34.000000,2,2,2,2,2,3,4,5,6,6,6,8428,8428,2,3.50477711397743,0.6330729811452329,197.2197309951298,0.0
1730356499,68,GET,/tools.descartes.teastore.webui/,33.600000,33.600000,2,2,2,2,2,3,4,5,6,6,6,8456,8456,2,3.4983723043560935,0.6330729811452329,197.2197309951298,0.0
1730356499,68,,Aggregated,33.600000,33.600000,2,2,2,2,2,3,4,5,6,6,6,8456,8456,2,3.4983723043560935,0.6330729811452329,197.2197309951298,0.0
1730356500,68,GET,/tools.descartes.teastore.webui/,34.300000,34.300000,2,2,2,2,2,3,4,5,6,6,6,8496,8496,2,3.490443164940646,0.6330729811452329,197.2197309951298,0.0
1730356500,68,,Aggregated,34.300000,34.300000,2,2,2,2,2,3,4,5,6,6,6,8496,8496,2,3.490443164940646,0.6330729811452329,197.2197309951298,0.0
1730356501,68,GET,/tools.descartes.teastore.webui/,34.100000,34.100000,1,2,2,2,2,3,4,4,6,6,6,8525,8525,2,3.4845669127528245,0.6330729811452329,197.2197309951298,0.0
1730356501,68,,Aggregated,34.100000,34.100000,1,2,2,2,2,3,4,4,6,6,6,8525,8525,2,3.4845669127528245,0.6330729811452329,197.2197309951298,0.0
1730356502,68,GET,/tools.descartes.teastore.webui/,33.800000,33.800000,1,2,2,2,2,3,4,4,6,6,6,8555,8555,2,3.4781367356278228,0.6330729811452329,197.2197309951298,0.0
1730356502,68,,Aggregated,33.800000,33.800000,1,2,2,2,2,3,4,4,6,6,6,8555,8555,2,3.4781367356278228,0.6330729811452329,197.2197309951298,0.0
1730356503,68,GET,/tools.descartes.teastore.webui/,33.100000,33.100000,2,2,2,2,2,3,4,4,6,6,6,8593,8593,2,3.46961517098998,0.6330729811452329,197.2197309951298,0.0
1730356503,68,,Aggregated,33.100000,33.100000,2,2,2,2,2,3,4,4,6,6,6,8593,8593,2,3.46961517098998,0.6330729811452329,197.2197309951298,0.0
1730356504,68,GET,/tools.descartes.teastore.webui/,33.300000,33.300000,1,2,2,2,2,3,4,4,6,6,6,8620,8620,2,3.4637203883245187,0.6330729811452329,197.2197309951298,0.0
1730356504,68,,Aggregated,33.300000,33.300000,1,2,2,2,2,3,4,4,6,6,6,8620,8620,2,3.4637203883245187,0.6330729811452329,197.2197309951298,0.0
1730356505,68,GET,/tools.descartes.teastore.webui/,32.400000,32.400000,1,2,2,2,2,3,3,4,6,6,6,8651,8651,2,3.456502400494265,0.6330729811452329,197.2197309951298,0.0
1730356505,68,,Aggregated,32.400000,32.400000,1,2,2,2,2,3,3,4,6,6,6,8651,8651,2,3.456502400494265,0.6330729811452329,197.2197309951298,0.0
1730356506,68,GET,/tools.descartes.teastore.webui/,33.600000,33.600000,1,2,2,2,2,3,3,4,6,6,6,8686,8686,2,3.4485481892246646,0.6330729811452329,197.2197309951298,0.0
1730356506,68,,Aggregated,33.600000,33.600000,1,2,2,2,2,3,3,4,6,6,6,8686,8686,2,3.4485481892246646,0.6330729811452329,197.2197309951298,0.0
1730356507,68,GET,/tools.descartes.teastore.webui/,33.100000,33.100000,1,2,2,2,2,3,3,5,6,6,6,8721,8721,2,3.442251630156904,0.6330729811452329,197.2197309951298,0.0
1730356507,68,,Aggregated,33.100000,33.100000,1,2,2,2,2,3,3,5,6,6,6,8721,8721,2,3.442251630156904,0.6330729811452329,197.2197309951298,0.0
1730356508,68,GET,/tools.descartes.teastore.webui/,32.300000,32.300000,1,2,2,2,2,3,3,4,6,6,6,8749,8749,2,3.4360898923917524,0.6330729811452329,197.2197309951298,0.0
1730356508,68,,Aggregated,32.300000,32.300000,1,2,2,2,2,3,3,4,6,6,6,8749,8749,2,3.4360898923917524,0.6330729811452329,197.2197309951298,0.0
1730356509,68,GET,/tools.descartes.teastore.webui/,32.500000,32.500000,1,2,2,2,2,3,3,3,5,5,5,8788,8788,2,3.427499805809294,0.6330729811452329,197.2197309951298,0.0
1730356509,68,,Aggregated,32.500000,32.500000,1,2,2,2,2,3,3,3,5,5,5,8788,8788,2,3.427499805809294,0.6330729811452329,197.2197309951298,0.0
1730356510,68,GET,/tools.descartes.teastore.webui/,32.200000,32.200000,1,2,2,2,2,2,3,3,5,5,5,8817,8817,2,3.421128117084335,0.6330729811452329,197.2197309951298,0.0
1730356510,68,,Aggregated,32.200000,32.200000,1,2,2,2,2,2,3,3,5,5,5,8817,8817,2,3.421128117084335,0.6330729811452329,197.2197309951298,0.0
1730356511,68,GET,/tools.descartes.teastore.webui/,31.900000,31.900000,1,2,2,2,2,2,3,4,5,5,5,8848,8848,2,3.4147278423698757,0.6330729811452329,197.2197309951298,0.0
1730356511,68,,Aggregated,31.900000,31.900000,1,2,2,2,2,2,3,4,5,5,5,8848,8848,2,3.4147278423698757,0.6330729811452329,197.2197309951298,0.0
1730356512,68,GET,/tools.descartes.teastore.webui/,32.400000,32.400000,1,2,2,2,2,2,3,4,5,5,5,8885,8885,2,3.4069903691880485,0.6330729811452329,197.2197309951298,0.0
1730356512,68,,Aggregated,32.400000,32.400000,1,2,2,2,2,2,3,4,5,5,5,8885,8885,2,3.4069903691880485,0.6330729811452329,197.2197309951298,0.0
1730356513,68,GET,/tools.descartes.teastore.webui/,33.100000,33.100000,1,2,2,2,2,2,3,4,5,5,5,8914,8914,2,3.4011080317802698,0.6330729811452329,197.2197309951298,0.0
1730356513,68,,Aggregated,33.100000,33.100000,1,2,2,2,2,2,3,4,5,5,5,8914,8914,2,3.4011080317802698,0.6330729811452329,197.2197309951298,0.0
1730356514,68,GET,/tools.descartes.teastore.webui/,33.300000,33.300000,1,2,2,2,2,2,3,4,5,5,5,8952,8952,2,3.393346070299167,0.6330729811452329,197.2197309951298,0.0
1730356514,68,,Aggregated,33.300000,33.300000,1,2,2,2,2,2,3,4,5,5,5,8952,8952,2,3.393346070299167,0.6330729811452329,197.2197309951298,0.0
1730356515,68,GET,/tools.descartes.teastore.webui/,33.200000,33.200000,1,2,2,2,2,2,3,4,5,5,5,8983,8983,2,3.386924836957896,0.6330729811452329,197.2197309951298,0.0
1730356515,68,,Aggregated,33.200000,33.200000,1,2,2,2,2,2,3,4,5,5,5,8983,8983,2,3.386924836957896,0.6330729811452329,197.2197309951298,0.0
1730356516,68,GET,/tools.descartes.teastore.webui/,32.300000,32.300000,1,2,2,2,2,2,3,3,4,4,4,9019,9019,2,3.378957184331066,0.6330729811452329,197.2197309951298,0.0
1730356516,68,,Aggregated,32.300000,32.300000,1,2,2,2,2,2,3,3,4,4,4,9019,9019,2,3.378957184331066,0.6330729811452329,197.2197309951298,0.0
1730356517,68,GET,/tools.descartes.teastore.webui/,32.800000,32.800000,1,2,2,2,2,2,3,3,4,4,4,9052,9052,2,3.372516961616204,0.6330729811452329,197.2197309951298,0.0
1730356517,68,,Aggregated,32.800000,32.800000,1,2,2,2,2,2,3,3,4,4,4,9052,9052,2,3.372516961616204,0.6330729811452329,197.2197309951298,0.0
1730356518,68,GET,/tools.descartes.teastore.webui/,33.400000,33.400000,1,2,2,2,2,2,3,3,4,4,4,9087,9087,2,3.365762443545877,0.6330729811452329,197.2197309951298,0.0
1730356518,68,,Aggregated,33.400000,33.400000,1,2,2,2,2,2,3,3,4,4,4,9087,9087,2,3.365762443545877,0.6330729811452329,197.2197309951298,0.0
1730356519,68,GET,/tools.descartes.teastore.webui/,33.400000,33.400000,2,2,2,2,2,2,3,3,4,4,4,9119,9119,2,3.3594484337499217,0.6330729811452329,197.2197309951298,0.0
1730356519,68,,Aggregated,33.400000,33.400000,2,2,2,2,2,2,3,3,4,4,4,9119,9119,2,3.3594484337499217,0.6330729811452329,197.2197309951298,0.0
1730356520,68,GET,/tools.descartes.teastore.webui/,33.300000,33.300000,2,2,2,2,2,3,4,5,61,61,61,9162,9162,2,3.3600683784338203,0.6330729811452329,197.2197309951298,0.0
1730356520,68,,Aggregated,33.300000,33.300000,2,2,2,2,2,3,4,5,61,61,61,9162,9162,2,3.3600683784338203,0.6330729811452329,197.2197309951298,0.0
1730356521,68,GET,/tools.descartes.teastore.webui/,33.700000,33.700000,2,2,2,2,2,3,4,5,61,61,61,9190,9190,2,3.354383988956535,0.6330729811452329,197.2197309951298,0.0
1730356521,68,,Aggregated,33.700000,33.700000,2,2,2,2,2,3,4,5,61,61,61,9190,9190,2,3.354383988956535,0.6330729811452329,197.2197309951298,0.0
1730356522,48,GET,/tools.descartes.teastore.webui/,33.900000,33.900000,2,2,2,2,2,3,4,5,61,61,61,9216,9216,2,3.34975822258659,0.6330729811452329,197.2197309951298,0.0
1730356522,48,,Aggregated,33.900000,33.900000,2,2,2,2,2,3,4,5,61,61,61,9216,9216,2,3.34975822258659,0.6330729811452329,197.2197309951298,0.0
1730356523,48,GET,/tools.descartes.teastore.webui/,33.100000,33.100000,2,2,2,2,2,3,4,5,61,61,61,9245,9245,2,3.344610766301172,0.6330729811452329,197.2197309951298,0.0
1730356523,48,,Aggregated,33.100000,33.100000,2,2,2,2,2,3,4,5,61,61,61,9245,9245,2,3.344610766301172,0.6330729811452329,197.2197309951298,0.0
1730356524,48,GET,/tools.descartes.teastore.webui/,32.900000,32.900000,2,2,2,2,2,3,4,5,61,61,61,9267,9267,2,3.34012140017046,0.6330729811452329,197.2197309951298,0.0
1730356524,48,,Aggregated,32.900000,32.900000,2,2,2,2,2,3,4,5,61,61,61,9267,9267,2,3.34012140017046,0.6330729811452329,197.2197309951298,0.0
1730356525,48,GET,/tools.descartes.teastore.webui/,32.700000,32.700000,2,2,2,2,2,3,4,5,61,61,61,9291,9291,2,3.335728272659352,0.6330729811452329,197.2197309951298,0.0
1730356525,48,,Aggregated,32.700000,32.700000,2,2,2,2,2,3,4,5,61,61,61,9291,9291,2,3.335728272659352,0.6330729811452329,197.2197309951298,0.0
1730356526,48,GET,/tools.descartes.teastore.webui/,32.400000,32.400000,2,2,2,2,2,3,4,5,61,61,61,9311,9311,2,3.3318045284381412,0.6330729811452329,197.2197309951298,0.0
1730356526,48,,Aggregated,32.400000,32.400000,2,2,2,2,2,3,4,5,61,61,61,9311,9311,2,3.3318045284381412,0.6330729811452329,197.2197309951298,0.0
1730356527,48,GET,/tools.descartes.teastore.webui/,30.700000,30.700000,2,2,2,2,2,3,4,5,61,61,61,9344,9344,2,3.325755029467697,0.6330729811452329,197.2197309951298,0.0
1730356527,48,,Aggregated,30.700000,30.700000,2,2,2,2,2,3,4,5,61,61,61,9344,9344,2,3.325755029467697,0.6330729811452329,197.2197309951298,0.0
1730356528,48,GET,/tools.descartes.teastore.webui/,30.600000,30.600000,2,2,2,2,2,3,4,5,61,61,61,9363,9363,2,3.3220448838505594,0.6330729811452329,197.2197309951298,0.0
1730356528,48,,Aggregated,30.600000,30.600000,2,2,2,2,2,3,4,5,61,61,61,9363,9363,2,3.3220448838505594,0.6330729811452329,197.2197309951298,0.0
1730356529,48,GET,/tools.descartes.teastore.webui/,29.200000,29.200000,2,2,2,2,2,3,4,5,61,61,61,9384,9384,2,3.3179252667823778,0.6330729811452329,197.2197309951298,0.0
1730356529,48,,Aggregated,29.200000,29.200000,2,2,2,2,2,3,4,5,61,61,61,9384,9384,2,3.3179252667823778,0.6330729811452329,197.2197309951298,0.0
1730356530,48,GET,/tools.descartes.teastore.webui/,28.700000,28.700000,2,2,2,2,2,2,3,4,5,5,5,9411,9411,2,3.312769822597495,0.6330729811452329,197.2197309951298,0.0
1730356530,48,,Aggregated,28.700000,28.700000,2,2,2,2,2,2,3,4,5,5,5,9411,9411,2,3.312769822597495,0.6330729811452329,197.2197309951298,0.0
1730356531,48,GET,/tools.descartes.teastore.webui/,27.400000,27.400000,2,2,2,2,2,2,3,3,5,5,5,9440,9440,2,3.307384059907991,0.6330729811452329,197.2197309951298,0.0
1730356531,48,,Aggregated,27.400000,27.400000,2,2,2,2,2,2,3,3,5,5,5,9440,9440,2,3.307384059907991,0.6330729811452329,197.2197309951298,0.0
1730356532,48,GET,/tools.descartes.teastore.webui/,26.300000,26.300000,2,2,2,2,2,3,4,4,5,5,5,9462,9462,2,3.304297369648166,0.6330729811452329,197.2197309951298,0.0
1730356532,48,,Aggregated,26.300000,26.300000,2,2,2,2,2,3,4,4,5,5,5,9462,9462,2,3.304297369648166,0.6330729811452329,197.2197309951298,0.0
1730356533,48,GET,/tools.descartes.teastore.webui/,25.300000,25.300000,1,2,2,2,2,2,3,4,5,5,5,9480,9480,2,3.300611707327872,0.6330729811452329,197.2197309951298,0.0
1730356533,48,,Aggregated,25.300000,25.300000,1,2,2,2,2,2,3,4,5,5,5,9480,9480,2,3.300611707327872,0.6330729811452329,197.2197309951298,0.0
1730356534,48,GET,/tools.descartes.teastore.webui/,24.700000,24.700000,2,2,2,2,2,3,3,4,5,5,5,9508,9508,2,3.295374591772399,0.6330729811452329,197.2197309951298,0.0
1730356534,48,,Aggregated,24.700000,24.700000,2,2,2,2,2,3,3,4,5,5,5,9508,9508,2,3.295374591772399,0.6330729811452329,197.2197309951298,0.0
1730356535,48,GET,/tools.descartes.teastore.webui/,24.100000,24.100000,1,2,2,2,2,3,3,4,5,5,5,9532,9532,2,3.2908093074363616,0.6330729811452329,197.2197309951298,0.0
1730356535,48,,Aggregated,24.100000,24.100000,1,2,2,2,2,3,3,4,5,5,5,9532,9532,2,3.2908093074363616,0.6330729811452329,197.2197309951298,0.0
1730356536,48,GET,/tools.descartes.teastore.webui/,23.900000,23.900000,1,2,2,2,2,2,3,4,5,5,5,9556,9556,2,3.2863743914149555,0.6330729811452329,197.2197309951298,0.0
1730356536,48,,Aggregated,23.900000,23.900000,1,2,2,2,2,2,3,4,5,5,5,9556,9556,2,3.2863743914149555,0.6330729811452329,197.2197309951298,0.0
1730356537,48,GET,/tools.descartes.teastore.webui/,24.200000,24.200000,1,2,2,2,2,3,3,4,5,5,5,9586,9586,2,3.281119400107813,0.6330729811452329,197.2197309951298,0.0
1730356537,48,,Aggregated,24.200000,24.200000,1,2,2,2,2,3,3,4,5,5,5,9586,9586,2,3.281119400107813,0.6330729811452329,197.2197309951298,0.0
1730356538,48,GET,/tools.descartes.teastore.webui/,24.000000,24.000000,1,2,2,2,2,3,4,4,5,5,5,9607,9607,2,3.2780619300929033,0.6330729811452329,197.2197309951298,0.0
1730356538,48,,Aggregated,24.000000,24.000000,1,2,2,2,2,3,4,4,5,5,5,9607,9607,2,3.2780619300929033,0.6330729811452329,197.2197309951298,0.0
1730356539,48,GET,/tools.descartes.teastore.webui/,24.100000,24.100000,2,2,2,2,2,3,4,4,5,5,5,9630,9630,2,3.274177141464146,0.6330729811452329,197.2197309951298,0.0
1730356539,48,,Aggregated,24.100000,24.100000,2,2,2,2,2,3,4,4,5,5,5,9630,9630,2,3.274177141464146,0.6330729811452329,197.2197309951298,0.0
1730356540,48,GET,/tools.descartes.teastore.webui/,24.500000,24.500000,2,2,2,2,2,3,4,4,5,5,5,9649,9649,2,3.270749827803306,0.6330729811452329,197.2197309951298,0.0
1730356540,48,,Aggregated,24.500000,24.500000,2,2,2,2,2,3,4,4,5,5,5,9649,9649,2,3.270749827803306,0.6330729811452329,197.2197309951298,0.0
1730356541,48,GET,/tools.descartes.teastore.webui/,24.000000,24.000000,2,2,2,2,2,3,3,4,5,5,5,9680,9680,2,3.2659617791609925,0.6330729811452329,197.2197309951298,0.0
1730356541,48,,Aggregated,24.000000,24.000000,2,2,2,2,2,3,3,4,5,5,5,9680,9680,2,3.2659617791609925,0.6330729811452329,197.2197309951298,0.0
1730356542,48,GET,/tools.descartes.teastore.webui/,24.100000,24.100000,2,2,2,2,2,3,3,3,4,4,4,9700,9700,2,3.262313645586285,0.6330729811452329,197.2197309951298,0.0
1730356542,48,,Aggregated,24.100000,24.100000,2,2,2,2,2,3,3,3,4,4,4,9700,9700,2,3.262313645586285,0.6330729811452329,197.2197309951298,0.0
1730356543,48,GET,/tools.descartes.teastore.webui/,23.500000,23.500000,2,2,2,2,2,3,3,4,4,4,4,9725,9725,2,3.258500699053224,0.6330729811452329,197.2197309951298,0.0
1730356543,48,,Aggregated,23.500000,23.500000,2,2,2,2,2,3,3,4,4,4,4,9725,9725,2,3.258500699053224,0.6330729811452329,197.2197309951298,0.0
1730356544,48,GET,/tools.descartes.teastore.webui/,23.400000,23.400000,2,2,2,2,2,3,3,4,4,4,4,9744,9744,2,3.2552954207096776,0.6330729811452329,197.2197309951298,0.0
1730356544,48,,Aggregated,23.400000,23.400000,2,2,2,2,2,3,3,4,4,4,4,9744,9744,2,3.2552954207096776,0.6330729811452329,197.2197309951298,0.0
1730356545,48,GET,/tools.descartes.teastore.webui/,24.100000,24.100000,2,2,2,2,2,3,3,4,4,4,4,9767,9767,2,3.2515789926893306,0.6330729811452329,197.2197309951298,0.0
1730356545,48,,Aggregated,24.100000,24.100000,2,2,2,2,2,3,3,4,4,4,4,9767,9767,2,3.2515789926893306,0.6330729811452329,197.2197309951298,0.0
1730356546,48,GET,/tools.descartes.teastore.webui/,24.100000,24.100000,2,2,2,2,2,3,3,4,5,5,5,9798,9798,2,3.2467630778300185,0.6330729811452329,197.2197309951298,0.0
1730356546,48,,Aggregated,24.100000,24.100000,2,2,2,2,2,3,3,4,5,5,5,9798,9798,2,3.2467630778300185,0.6330729811452329,197.2197309951298,0.0
1730356547,48,GET,/tools.descartes.teastore.webui/,23.600000,23.600000,2,2,2,2,2,3,3,4,5,5,5,9818,9818,2,3.2430120607712634,0.6330729811452329,197.2197309951298,0.0
1730356547,48,,Aggregated,23.600000,23.600000,2,2,2,2,2,3,3,4,5,5,5,9818,9818,2,3.2430120607712634,0.6330729811452329,197.2197309951298,0.0
1730356548,48,GET,/tools.descartes.teastore.webui/,23.600000,23.600000,2,2,2,2,2,3,3,4,5,5,5,9845,9845,2,3.2386287386066086,0.6330729811452329,197.2197309951298,0.0
1730356548,48,,Aggregated,23.600000,23.600000,2,2,2,2,2,3,3,4,5,5,5,9845,9845,2,3.2386287386066086,0.6330729811452329,197.2197309951298,0.0
1730356549,48,GET,/tools.descartes.teastore.webui/,24.000000,24.000000,2,2,2,2,2,3,3,4,5,5,5,9866,9866,2,3.2347892502264455,0.6330729811452329,197.2197309951298,0.0
1730356549,48,,Aggregated,24.000000,24.000000,2,2,2,2,2,3,3,4,5,5,5,9866,9866,2,3.2347892502264455,0.6330729811452329,197.2197309951298,0.0
1730356550,48,GET,/tools.descartes.teastore.webui/,23.400000,23.400000,2,2,2,2,2,3,3,4,5,5,5,9892,9892,2,3.230488477230761,0.6330729811452329,197.2197309951298,0.0
1730356550,48,,Aggregated,23.400000,23.400000,2,2,2,2,2,3,3,4,5,5,5,9892,9892,2,3.230488477230761,0.6330729811452329,197.2197309951298,0.0
1730356551,48,GET,/tools.descartes.teastore.webui/,23.700000,23.700000,1,2,2,2,2,3,4,4,5,5,5,9914,9914,2,3.2269698503926594,0.6330729811452329,197.2197309951298,0.0
1730356551,48,,Aggregated,23.700000,23.700000,1,2,2,2,2,3,4,4,5,5,5,9914,9914,2,3.2269698503926594,0.6330729811452329,197.2197309951298,0.0
1730356552,48,GET,/tools.descartes.teastore.webui/,23.800000,23.800000,2,2,2,2,2,3,3,4,5,5,5,9933,9933,2,3.223975621834279,0.6330729811452329,197.2197309951298,0.0
1730356552,48,,Aggregated,23.800000,23.800000,2,2,2,2,2,3,3,4,5,5,5,9933,9933,2,3.223975621834279,0.6330729811452329,197.2197309951298,0.0
1730356553,48,GET,/tools.descartes.teastore.webui/,24.100000,24.100000,2,2,2,2,2,3,4,4,5,5,5,9962,9962,2,3.2196086284313634,0.6330729811452329,197.2197309951298,0.0
1730356553,48,,Aggregated,24.100000,24.100000,2,2,2,2,2,3,4,4,5,5,5,9962,9962,2,3.2196086284313634,0.6330729811452329,197.2197309951298,0.0
1730356554,48,GET,/tools.descartes.teastore.webui/,24.000000,24.000000,2,2,2,2,2,3,4,4,5,5,5,9986,9986,2,3.2157005314803713,0.6330729811452329,197.2197309951298,0.0
1730356554,48,,Aggregated,24.000000,24.000000,2,2,2,2,2,3,4,4,5,5,5,9986,9986,2,3.2157005314803713,0.6330729811452329,197.2197309951298,0.0
1730356555,48,GET,/tools.descartes.teastore.webui/,23.600000,23.600000,1,2,2,2,2,3,3,4,5,5,5,10011,10011,2,3.211058594678842,0.6330729811452329,197.2197309951298,0.0
1730356555,48,,Aggregated,23.600000,23.600000,1,2,2,2,2,3,3,4,5,5,5,10011,10011,2,3.211058594678842,0.6330729811452329,197.2197309951298,0.0
1730356556,48,GET,/tools.descartes.teastore.webui/,23.600000,23.600000,1,2,2,2,2,3,3,4,4,4,4,10037,10037,2,3.206350196226368,0.6330729811452329,197.2197309951298,0.0
1730356556,48,,Aggregated,23.600000,23.600000,1,2,2,2,2,3,3,4,4,4,4,10037,10037,2,3.206350196226368,0.6330729811452329,197.2197309951298,0.0
1730356557,48,GET,/tools.descartes.teastore.webui/,24.200000,24.200000,1,2,2,2,2,2,3,4,4,4,4,10063,10063,2,3.20151539783287,0.6330729811452329,197.2197309951298,0.0
1730356557,48,,Aggregated,24.200000,24.200000,1,2,2,2,2,2,3,4,4,4,4,10063,10063,2,3.20151539783287,0.6330729811452329,197.2197309951298,0.0
1730356558,48,GET,/tools.descartes.teastore.webui/,24.100000,24.100000,1,2,2,2,2,2,3,3,4,4,4,10082,10082,2,3.198070263576821,0.6330729811452329,197.2197309951298,0.0
1730356558,48,,Aggregated,24.100000,24.100000,1,2,2,2,2,2,3,3,4,4,4,10082,10082,2,3.198070263576821,0.6330729811452329,197.2197309951298,0.0
1730356559,48,GET,/tools.descartes.teastore.webui/,23.400000,23.400000,1,2,2,2,2,2,3,3,4,4,4,10110,10110,2,3.1933931978815533,0.6330729811452329,197.2197309951298,0.0
1730356559,48,,Aggregated,23.400000,23.400000,1,2,2,2,2,2,3,3,4,4,4,10110,10110,2,3.1933931978815533,0.6330729811452329,197.2197309951298,0.0
1730356560,48,GET,/tools.descartes.teastore.webui/,24.200000,24.200000,1,2,2,2,2,2,3,3,4,4,4,10134,10134,2,3.189853085202202,0.6330729811452329,197.2197309951298,0.0
1730356560,48,,Aggregated,24.200000,24.200000,1,2,2,2,2,2,3,3,4,4,4,10134,10134,2,3.189853085202202,0.6330729811452329,197.2197309951298,0.0
1730356561,48,GET,/tools.descartes.teastore.webui/,24.000000,24.000000,1,2,2,2,2,2,3,3,4,4,4,10152,10152,2,3.1868663009781693,0.6330729811452329,197.2197309951298,0.0
1730356561,48,,Aggregated,24.000000,24.000000,1,2,2,2,2,2,3,3,4,4,4,10152,10152,2,3.1868663009781693,0.6330729811452329,197.2197309951298,0.0
1730356562,48,GET,/tools.descartes.teastore.webui/,23.700000,23.700000,1,2,2,2,2,2,3,3,3,3,3,10180,10180,2,3.182400122842036,0.6330729811452329,197.2197309951298,0.0
1730356562,48,,Aggregated,23.700000,23.700000,1,2,2,2,2,2,3,3,3,3,3,10180,10180,2,3.182400122842036,0.6330729811452329,197.2197309951298,0.0
1730356563,48,GET,/tools.descartes.teastore.webui/,24.100000,24.100000,1,2,2,2,2,2,3,3,3,3,3,10201,10201,2,3.1789136159700004,0.6330729811452329,197.2197309951298,0.0
1730356563,48,,Aggregated,24.100000,24.100000,1,2,2,2,2,2,3,3,3,3,3,10201,10201,2,3.1789136159700004,0.6330729811452329,197.2197309951298,0.0
1730356564,48,GET,/tools.descartes.teastore.webui/,24.800000,24.800000,1,2,2,2,2,2,3,3,3,3,3,10232,10232,2,3.174413895656619,0.6330729811452329,197.2197309951298,0.0
1730356564,48,,Aggregated,24.800000,24.800000,1,2,2,2,2,2,3,3,3,3,3,10232,10232,2,3.174413895656619,0.6330729811452329,197.2197309951298,0.0
1730356565,48,GET,/tools.descartes.teastore.webui/,24.500000,24.500000,1,2,2,2,2,2,3,3,4,4,4,10253,10253,2,3.171411907668867,0.6330729811452329,197.2197309951298,0.0
1730356565,48,,Aggregated,24.500000,24.500000,1,2,2,2,2,2,3,3,4,4,4,10253,10253,2,3.171411907668867,0.6330729811452329,197.2197309951298,0.0
1730356566,48,GET,/tools.descartes.teastore.webui/,24.400000,24.400000,1,2,2,2,2,2,3,3,4,4,4,10275,10275,2,3.167637787774033,0.6330729811452329,197.2197309951298,0.0
1730356566,48,,Aggregated,24.400000,24.400000,1,2,2,2,2,2,3,3,4,4,4,10275,10275,2,3.167637787774033,0.6330729811452329,197.2197309951298,0.0
1730356567,48,GET,/tools.descartes.teastore.webui/,24.200000,24.200000,2,2,2,2,2,2,3,3,4,4,4,10299,10299,2,3.1642814832159885,0.6330729811452329,197.2197309951298,0.0
1730356567,48,,Aggregated,24.200000,24.200000,2,2,2,2,2,2,3,3,4,4,4,10299,10299,2,3.1642814832159885,0.6330729811452329,197.2197309951298,0.0
1730356568,48,GET,/tools.descartes.teastore.webui/,24.000000,24.000000,2,2,2,2,2,2,3,3,4,4,4,10325,10325,2,3.160109933810737,0.6330729811452329,197.2197309951298,0.0
1730356568,48,,Aggregated,24.000000,24.000000,2,2,2,2,2,2,3,3,4,4,4,10325,10325,2,3.160109933810737,0.6330729811452329,197.2197309951298,0.0
1730356569,48,GET,/tools.descartes.teastore.webui/,24.700000,24.700000,2,2,2,2,2,2,3,3,4,4,4,10343,10343,2,3.1573636816643638,0.6330729811452329,197.2197309951298,0.0
1730356569,48,,Aggregated,24.700000,24.700000,2,2,2,2,2,2,3,3,4,4,4,10343,10343,2,3.1573636816643638,0.6330729811452329,197.2197309951298,0.0
1730356570,48,GET,/tools.descartes.teastore.webui/,23.700000,23.700000,2,2,2,2,2,2,3,3,4,4,4,10369,10369,2,3.1531139070666,0.6330729811452329,197.2197309951298,0.0
1730356570,48,,Aggregated,23.700000,23.700000,2,2,2,2,2,2,3,3,4,4,4,10369,10369,2,3.1531139070666,0.6330729811452329,197.2197309951298,0.0
1730356571,48,GET,/tools.descartes.teastore.webui/,23.800000,23.800000,2,2,2,2,2,2,3,3,4,4,4,10394,10394,2,3.1495932139905984,0.6330729811452329,197.2197309951298,0.0
1730356571,48,,Aggregated,23.800000,23.800000,2,2,2,2,2,2,3,3,4,4,4,10394,10394,2,3.1495932139905984,0.6330729811452329,197.2197309951298,0.0
1730356572,48,GET,/tools.descartes.teastore.webui/,23.800000,23.800000,2,2,2,2,2,2,2,3,4,4,4,10415,10415,2,3.1458787772642647,0.6330729811452329,197.2197309951298,0.0
1730356572,48,,Aggregated,23.800000,23.800000,2,2,2,2,2,2,2,3,4,4,4,10415,10415,2,3.1458787772642647,0.6330729811452329,197.2197309951298,0.0
1730356573,48,GET,/tools.descartes.teastore.webui/,23.600000,23.600000,2,2,2,2,2,2,2,3,4,4,4,10434,10434,2,3.142967238191348,0.6330729811452329,197.2197309951298,0.0
1730356573,48,,Aggregated,23.600000,23.600000,2,2,2,2,2,2,2,3,4,4,4,10434,10434,2,3.142967238191348,0.6330729811452329,197.2197309951298,0.0
1730356574,48,GET,/tools.descartes.teastore.webui/,23.000000,23.000000,2,2,2,2,2,2,2,3,3,3,3,10463,10463,2,3.138475978896237,0.6330729811452329,197.2197309951298,0.0
1730356574,48,,Aggregated,23.000000,23.000000,2,2,2,2,2,2,2,3,3,3,3,10463,10463,2,3.138475978896237,0.6330729811452329,197.2197309951298,0.0
1730356575,48,GET,/tools.descartes.teastore.webui/,23.300000,23.300000,2,2,2,2,2,2,2,3,3,3,3,10484,10484,2,3.134861359817032,0.6330729811452329,197.2197309951298,0.0
1730356575,48,,Aggregated,23.300000,23.300000,2,2,2,2,2,2,2,3,3,3,3,10484,10484,2,3.134861359817032,0.6330729811452329,197.2197309951298,0.0
1730356576,48,GET,/tools.descartes.teastore.webui/,23.200000,23.200000,2,2,2,2,2,2,2,3,3,3,3,10513,10513,2,3.1299840569019817,0.6330729811452329,197.2197309951298,0.0
1730356576,48,,Aggregated,23.200000,23.200000,2,2,2,2,2,2,2,3,3,3,3,10513,10513,2,3.1299840569019817,0.6330729811452329,197.2197309951298,0.0
1730356577,48,GET,/tools.descartes.teastore.webui/,23.200000,23.200000,1,2,2,2,2,2,2,2,3,3,3,10533,10533,2,3.1268102703148286,0.6330729811452329,197.2197309951298,0.0
1730356577,48,,Aggregated,23.200000,23.200000,1,2,2,2,2,2,2,2,3,3,3,10533,10533,2,3.1268102703148286,0.6330729811452329,197.2197309951298,0.0
