Count,Message,Traceback,Nodes
10630,"HTTPConnectionPool(host='econome-4.nantes.grid5000.fr', port=30080): Max retries exceeded with url: /tools.descartes.teastore.webui/ (Caused by NameResolutionError(""<urllib3.connection.HTTPConnection object at 0x75cd0370c5f0>: Failed to resolve 'econome-4.nantes.grid5000.fr' ([Errno -3] Temporary failure in name resolution)""))","  File ""/home/erods-chouette/Documents/synchronizeExperimentation/myenv/lib/python3.12/site-packages/locust/user/task.py"", line 340, in run
    self.execute_next_task()
  File ""/home/erods-chouette/Documents/synchronizeExperimentation/myenv/lib/python3.12/site-packages/locust/user/task.py"", line 373, in execute_next_task
    self.execute_task(self._task_queue.popleft())
  File ""/home/erods-chouette/Documents/synchronizeExperimentation/myenv/lib/python3.12/site-packages/locust/user/task.py"", line 490, in execute_task
    task(self.user)
  File ""/home/erods-chouette/Documents/synchronizeExperimentation/workload_generators/locust/teastore_locustfile-custom-scale2.py"", line 54, in load
    self.visit_home()
  File ""/home/erods-chouette/Documents/synchronizeExperimentation/workload_generators/locust/teastore_locustfile-custom-scale2.py"", line 72, in visit_home
    if res.ok:
       ^^^^^^
  File ""/home/erods-chouette/Documents/synchronizeExperimentation/myenv/lib/python3.12/site-packages/requests/models.py"", line 764, in ok
    self.raise_for_status()
  File ""/home/erods-chouette/Documents/synchronizeExperimentation/myenv/lib/python3.12/site-packages/locust/clients.py"", line 61, in raise_for_status
    raise self.error
  File ""/home/erods-chouette/Documents/synchronizeExperimentation/myenv/lib/python3.12/site-packages/locust/clients.py"", line 371, in __exit__
    self.raise_for_status()
  File ""/home/erods-chouette/Documents/synchronizeExperimentation/myenv/lib/python3.12/site-packages/locust/clients.py"", line 61, in raise_for_status
    raise self.error
  File ""/home/erods-chouette/Documents/synchronizeExperimentation/myenv/lib/python3.12/site-packages/locust/clients.py"", line 237, in _send_request_safe_mode
    return super().request(method, url, **kwargs)
           ^^^^^^^^^^^^^^^^^^^^^^^^^^^^^^^^^^^^^^
  File ""/home/erods-chouette/Documents/synchronizeExperimentation/myenv/lib/python3.12/site-packages/requests/sessions.py"", line 589, in request
    resp = self.send(prep, **send_kwargs)
           ^^^^^^^^^^^^^^^^^^^^^^^^^^^^^^
  File ""/home/erods-chouette/Documents/synchronizeExperimentation/myenv/lib/python3.12/site-packages/requests/sessions.py"", line 703, in send
    r = adapter.send(request, **kwargs)
        ^^^^^^^^^^^^^^^^^^^^^^^^^^^^^^^
  File ""/home/erods-chouette/Documents/synchronizeExperimentation/myenv/lib/python3.12/site-packages/requests/adapters.py"", line 700, in send
    raise ConnectionError(e, request=request)
",local
