Url,Start,Stop
http://172.16.192.6:30080/tools.descartes.teastore.webui/,185931211016803,185931342126255
http://172.16.192.6:30080/tools.descartes.teastore.webui/,185931278533418,185931362716671
http://172.16.192.6:30080/tools.descartes.teastore.webui/,185931310844101,185931388492992
http://172.16.192.6:30080/tools.descartes.teastore.webui/,185931345322270,185931429478661
http://172.16.192.6:30080/tools.descartes.teastore.webui/,185931397854545,185931468085981
http://172.16.192.6:30080/tools.descartes.teastore.webui/,185931455320236,185931534253947
http://172.16.192.6:30080/tools.descartes.teastore.webui/,185931534868938,185931602212707
http://172.16.192.6:30080/tools.descartes.teastore.webui/,185931538273012,185931607385987
http://172.16.192.6:30080/tools.descartes.teastore.webui/,185931610833121,185931680348948
http://172.16.192.6:30080/tools.descartes.teastore.webui/,185931611208627,185931682163177
http://172.16.192.6:30080/tools.descartes.teastore.webui/,185931696599864,185931766547990
http://172.16.192.6:30080/tools.descartes.teastore.webui/,185931788157669,185931855215658
http://172.16.192.6:30080/tools.descartes.teastore.webui/,185931923738595,185931992159654
http://172.16.192.6:30080/tools.descartes.teastore.webui/,185932060255584,185932131704158
http://172.16.192.6:30080/tools.descartes.teastore.webui/,185932111648795,185932184915885
http://172.16.192.6:30080/tools.descartes.teastore.webui/,185932177191397,185932246627214
http://172.16.192.6:30080/tools.descartes.teastore.webui/,185932324755342,185932391625180
http://172.16.192.6:30080/tools.descartes.teastore.webui/,185932472402745,185932539851392
http://172.16.192.6:30080/tools.descartes.teastore.webui/,185932509910222,185932579538418
http://172.16.192.6:30080/tools.descartes.teastore.webui/,185932510174849,185932579931492
http://172.16.192.6:30080/tools.descartes.teastore.webui/,185932692021741,185932761854084
http://172.16.192.6:30080/tools.descartes.teastore.webui/,185932811603948,185932877235824
http://172.16.192.6:30080/tools.descartes.teastore.webui/,185932962065101,185933033481619
http://172.16.192.6:30080/tools.descartes.teastore.webui/,185933067556349,185933134864541
http://172.16.192.6:30080/tools.descartes.teastore.webui/,185933103900503,185933171265048
http://172.16.192.6:30080/tools.descartes.teastore.webui/,185933254507452,185933322397540
http://172.16.192.6:30080/tools.descartes.teastore.webui/,185933405264778,185933475844508
http://172.16.192.6:30080/tools.descartes.teastore.webui/,185933405208794,185933476030946
http://172.16.192.6:30080/tools.descartes.teastore.webui/,185933555864887,185933633021016
http://172.16.192.6:30080/tools.descartes.teastore.webui/,185933555741170,185933633076210
http://172.16.192.6:30080/tools.descartes.teastore.webui/,185933836780924,185933908333523
http://172.16.192.6:30080/tools.descartes.teastore.webui/,185933871267696,185933937542222
http://172.16.192.6:30080/tools.descartes.teastore.webui/,185933919654118,185933990441833
http://172.16.192.6:30080/tools.descartes.teastore.webui/,185933979693453,185934051937125
http://172.16.192.6:30080/tools.descartes.teastore.webui/,185934134260641,185934200906559
http://172.16.192.6:30080/tools.descartes.teastore.webui/,185934165707053,185934233205328
http://172.16.192.6:30080/tools.descartes.teastore.webui/,185934367485866,185934436426247
http://172.16.192.6:30080/tools.descartes.teastore.webui/,185934380798474,185934446435357
http://172.16.192.6:30080/tools.descartes.teastore.webui/,185934433109358,185934499221300
http://172.16.192.6:30080/tools.descartes.teastore.webui/,185934647778147,185934720118330
http://172.16.192.6:30080/tools.descartes.teastore.webui/,185934917097780,185934981503093
http://172.16.192.6:30080/tools.descartes.teastore.webui/,185934907732595,185934981578602
http://172.16.192.6:30080/tools.descartes.teastore.webui/,185935041608638,185935110958220
http://172.16.192.6:30080/tools.descartes.teastore.webui/,185935046146568,185935117963864
http://172.16.192.6:30080/tools.descartes.teastore.webui/,185935215870607,185935284222603
http://172.16.192.6:30080/tools.descartes.teastore.webui/,185935262367678,185935335788720
http://172.16.192.6:30080/tools.descartes.teastore.webui/,185935386784731,185935451221868
http://172.16.192.6:30080/tools.descartes.teastore.webui/,185935408288387,185935473852866
http://172.16.192.6:30080/tools.descartes.teastore.webui/,185935509793288,185935574877048
http://172.16.192.6:30080/tools.descartes.teastore.webui/,185935546318796,185935614346061
http://172.16.192.6:30080/tools.descartes.teastore.webui/,185935609967769,185935680195677
http://172.16.192.6:30080/tools.descartes.teastore.webui/,185935740651819,185935807464646
http://172.16.192.6:30080/tools.descartes.teastore.webui/,185935895256965,185935961670880
http://172.16.192.6:30080/tools.descartes.teastore.webui/,185936008862614,185936074481611
http://172.16.192.6:30080/tools.descartes.teastore.webui/,185936035244499,185936100992048
http://172.16.192.6:30080/tools.descartes.teastore.webui/,185936191750854,185936260174511
http://172.16.192.6:30080/tools.descartes.teastore.webui/,185936346418045,185936413278536
http://172.16.192.6:30080/tools.descartes.teastore.webui/,185936364632891,185936430537371
http://172.16.192.6:30080/tools.descartes.teastore.webui/,185936391948944,185936464107902
http://172.16.192.6:30080/tools.descartes.teastore.webui/,185936546380891,185936615793613
http://172.16.192.6:30080/tools.descartes.teastore.webui/,185936836156335,185936908673495
http://172.16.192.6:30080/tools.descartes.teastore.webui/,185936971576777,185937040090390
http://172.16.192.6:30080/tools.descartes.teastore.webui/,185936990052623,185937063248356
http://172.16.192.6:30080/tools.descartes.teastore.webui/,185937125623753,185937194237706
http://172.16.192.6:30080/tools.descartes.teastore.webui/,185937144984082,185937219328710
http://172.16.192.6:30080/tools.descartes.teastore.webui/,185937169482350,185937239221439
http://172.16.192.6:30080/tools.descartes.teastore.webui/,185937277112071,185937347290152
http://172.16.192.6:30080/tools.descartes.teastore.webui/,185937412808988,185937481685331
http://172.16.192.6:30080/tools.descartes.teastore.webui/,185937530821310,185937597275379
http://172.16.192.6:30080/tools.descartes.teastore.webui/,185937530479316,185937597390854
http://172.16.192.6:30080/tools.descartes.teastore.webui/,185937731807669,185937811059050
http://172.16.192.6:30080/tools.descartes.teastore.webui/,185937811271722,185937879846118
http://172.16.192.6:30080/tools.descartes.teastore.webui/,185937886779495,185937961248217
http://172.16.192.6:30080/tools.descartes.teastore.webui/,185937998581993,185938063747990
http://172.16.192.6:30080/tools.descartes.teastore.webui/,185938076466683,185938147049657
http://172.16.192.6:30080/tools.descartes.teastore.webui/,185938179158292,185938250918524
http://172.16.192.6:30080/tools.descartes.teastore.webui/,185938294874640,185938362392903
http://172.16.192.6:30080/tools.descartes.teastore.webui/,185938367611897,185938438612112
http://172.16.192.6:30080/tools.descartes.teastore.webui/,185938507254538,185938575900756
http://172.16.192.6:30080/tools.descartes.teastore.webui/,185938511618517,185938583345969
http://172.16.192.6:30080/tools.descartes.teastore.webui/,185938699570319,185938773241195
http://172.16.192.6:30080/tools.descartes.teastore.webui/,185938782291738,185938854940955
http://172.16.192.6:30080/tools.descartes.teastore.webui/,185938776863679,185938855013666
http://172.16.192.6:30080/tools.descartes.teastore.webui/,185938867914009,185938943001716
http://172.16.192.6:30080/tools.descartes.teastore.webui/,185939020435970,185939099167033
http://172.16.192.6:30080/tools.descartes.teastore.webui/,185939107303269,185939181329577
http://172.16.192.6:30080/tools.descartes.teastore.webui/,185939210903614,185939283455796
http://172.16.192.6:30080/tools.descartes.teastore.webui/,185939413807176,185939484554125
http://172.16.192.6:30080/tools.descartes.teastore.webui/,185939468421523,185939536227168
http://172.16.192.6:30080/tools.descartes.teastore.webui/,185939496660943,185939569029497
http://172.16.192.6:30080/tools.descartes.teastore.webui/,185939631368511,185939701815858
http://172.16.192.6:30080/tools.descartes.teastore.webui/,185939714973472,185939786172699
http://172.16.192.6:30080/tools.descartes.teastore.webui/,185939872428151,185939945245543
http://172.16.192.6:30080/tools.descartes.teastore.webui/,185939904866399,185939968901734
http://172.16.192.6:30080/tools.descartes.teastore.webui/,185939980592583,185940046620197
http://172.16.192.6:30080/tools.descartes.teastore.webui/,185940138157204,185940204519023
http://172.16.192.6:30080/tools.descartes.teastore.webui/,185940240624792,185940307287221
http://172.16.192.6:30080/tools.descartes.teastore.webui/,185940354152171,185940427052606
http://172.16.192.6:30080/tools.descartes.teastore.webui/,185940468740784,185940535636547
http://172.16.192.6:30080/tools.descartes.teastore.webui/,185940545439431,185940613136198
http://172.16.192.6:30080/tools.descartes.teastore.webui/,185940809409673,185940877385497
http://172.16.192.6:30080/tools.descartes.teastore.webui/,185940838787453,185940913171760
http://172.16.192.6:30080/tools.descartes.teastore.webui/,185940888284506,185940960775571
http://172.16.192.6:30080/tools.descartes.teastore.webui/,185940994752038,185941062311724
http://172.16.192.6:30080/tools.descartes.teastore.webui/,185941134285224,185941200433385
http://172.16.192.6:30080/tools.descartes.teastore.webui/,185941144463578,185941211780948
http://172.16.192.6:30080/tools.descartes.teastore.webui/,185941259280636,185941329368792
http://172.16.192.6:30080/tools.descartes.teastore.webui/,185941339765662,185941408731014
http://172.16.192.6:30080/tools.descartes.teastore.webui/,185941479469515,185941546198737
http://172.16.192.6:30080/tools.descartes.teastore.webui/,185941618952062,185941690337089
http://172.16.192.6:30080/tools.descartes.teastore.webui/,185941886056185,185941958703988
http://172.16.192.6:30080/tools.descartes.teastore.webui/,185941966544465,185942035310137
http://172.16.192.6:30080/tools.descartes.teastore.webui/,185942023889860,185942092220871
http://172.16.192.6:30080/tools.descartes.teastore.webui/,185942151381228,185942221372752
http://172.16.192.6:30080/tools.descartes.teastore.webui/,185942222039727,185942295558897
http://172.16.192.6:30080/tools.descartes.teastore.webui/,185942242512878,185942308877193
http://172.16.192.6:30080/tools.descartes.teastore.webui/,185942354073748,185942423900043
http://172.16.192.6:30080/tools.descartes.teastore.webui/,185942408445431,185942474437803
http://172.16.192.6:30080/tools.descartes.teastore.webui/,185942524338425,185942604018052
http://172.16.192.6:30080/tools.descartes.teastore.webui/,185942545826113,185942612195832
http://172.16.192.6:30080/tools.descartes.teastore.webui/,185942697763605,185942773941798
http://172.16.192.6:30080/tools.descartes.teastore.webui/,185942725419377,185942791812956
http://172.16.192.6:30080/tools.descartes.teastore.webui/,185942768660201,185942834904092
http://172.16.192.6:30080/tools.descartes.teastore.webui/,185942888475504,185942955520834
http://172.16.192.6:30080/tools.descartes.teastore.webui/,185943044819307,185943115560700
http://172.16.192.6:30080/tools.descartes.teastore.webui/,185943201408120,185943272070490
http://172.16.192.6:30080/tools.descartes.teastore.webui/,185943358043965,185943429746953
http://172.16.192.6:30080/tools.descartes.teastore.webui/,185943441636308,185943514101407
http://172.16.192.6:30080/tools.descartes.teastore.webui/,185943550460448,185943621117350
http://172.16.192.6:30080/tools.descartes.teastore.webui/,185943550214398,185943621128992
http://172.16.192.6:30080/tools.descartes.teastore.webui/,185943733336006,185943805039312
http://172.16.192.6:30080/tools.descartes.teastore.webui/,185943824939528,185943897728256
http://172.16.192.6:30080/tools.descartes.teastore.webui/,185943845289786,185943911658641
http://172.16.192.6:30080/tools.descartes.teastore.webui/,185943996568261,185944070056550
http://172.16.192.6:30080/tools.descartes.teastore.webui/,185944018875526,185944088336975
http://172.16.192.6:30080/tools.descartes.teastore.webui/,185944187533010,185944257076845
http://172.16.192.6:30080/tools.descartes.teastore.webui/,185944339008727,185944408782795
http://172.16.192.6:30080/tools.descartes.teastore.webui/,185944342472081,185944414795471
http://172.16.192.6:30080/tools.descartes.teastore.webui/,185944420882385,185944485056034
http://172.16.192.6:30080/tools.descartes.teastore.webui/,185944497572711,185944561910898
http://172.16.192.6:30080/tools.descartes.teastore.webui/,185944609399869,185944676395129
http://172.16.192.6:30080/tools.descartes.teastore.webui/,185944645879500,185944715753931
http://172.16.192.6:30080/tools.descartes.teastore.webui/,185944821572711,185944891813146
http://172.16.192.6:30080/tools.descartes.teastore.webui/,185944981110263,185945047385726
http://172.16.192.6:30080/tools.descartes.teastore.webui/,185944986615985,185945052008865
http://172.16.192.6:30080/tools.descartes.teastore.webui/,185945140357563,185945209233385
http://172.16.192.6:30080/tools.descartes.teastore.webui/,185945239751556,185945305901528
http://172.16.192.6:30080/tools.descartes.teastore.webui/,185945399196820,185945464738013
http://172.16.192.6:30080/tools.descartes.teastore.webui/,185945547060586,185945613073986
http://172.16.192.6:30080/tools.descartes.teastore.webui/,185945546788083,185945613572036
http://172.16.192.6:30080/tools.descartes.teastore.webui/,185945651698843,185945717981443
http://172.16.192.6:30080/tools.descartes.teastore.webui/,185945712195832,185945783998600
http://172.16.192.6:30080/tools.descartes.teastore.webui/,185945881127683,185945950414498
http://172.16.192.6:30080/tools.descartes.teastore.webui/,185945929632326,185945999051952
http://172.16.192.6:30080/tools.descartes.teastore.webui/,185946092314944,185946160071475
http://172.16.192.6:30080/tools.descartes.teastore.webui/,185946243952015,185946313652809
http://172.16.192.6:30080/tools.descartes.teastore.webui/,185946364377755,185946430703876
http://172.16.192.6:30080/tools.descartes.teastore.webui/,185946516037112,185946585765758
http://172.16.192.6:30080/tools.descartes.teastore.webui/,185946516402176,185946585832427
http://172.16.192.6:30080/tools.descartes.teastore.webui/,185946515845999,185946588909869
http://172.16.192.6:30080/tools.descartes.teastore.webui/,185946580830296,185946650706293
http://172.16.192.6:30080/tools.descartes.teastore.webui/,185946711626526,185946780599289
http://172.16.192.6:30080/tools.descartes.teastore.webui/,185946811385913,185946881027072
http://172.16.192.6:30080/tools.descartes.teastore.webui/,185946952954301,185947020444996
http://172.16.192.6:30080/tools.descartes.teastore.webui/,185947080437976,185947172983812
http://172.16.192.6:30080/tools.descartes.teastore.webui/,185947174947835,185947243681130
http://172.16.192.6:30080/tools.descartes.teastore.webui/,185947205334219,185947286917331
http://172.16.192.6:30080/tools.descartes.teastore.webui/,185947318826055,185947386938277
http://172.16.192.6:30080/tools.descartes.teastore.webui/,185947451663278,185947520654221
http://172.16.192.6:30080/tools.descartes.teastore.webui/,185947565353088,185947635588485
http://172.16.192.6:30080/tools.descartes.teastore.webui/,185947828329382,185947902560300
http://172.16.192.6:30080/tools.descartes.teastore.webui/,185947961974755,185948031911453
http://172.16.192.6:30080/tools.descartes.teastore.webui/,185948095646998,185948164865115
http://172.16.192.6:30080/tools.descartes.teastore.webui/,185948160045851,185948230284522
http://172.16.192.6:30080/tools.descartes.teastore.webui/,185948226557885,185948294209655
http://172.16.192.6:30080/tools.descartes.teastore.webui/,185948359990003,185948440572362
http://172.16.192.6:30080/tools.descartes.teastore.webui/,185948493802437,185948572810951
http://172.16.192.6:30080/tools.descartes.teastore.webui/,185948493547819,185948573043796
http://172.16.192.6:30080/tools.descartes.teastore.webui/,185948576359663,185948644582924
http://172.16.192.6:30080/tools.descartes.teastore.webui/,185948576544512,185948644676658
http://172.16.192.6:30080/tools.descartes.teastore.webui/,185948639915065,185948788304280
http://172.16.192.6:30080/tools.descartes.teastore.webui/,185948768509456,185948887092235
http://172.16.192.6:30080/tools.descartes.teastore.webui/,185948859305878,185948926158550
http://172.16.192.6:30080/tools.descartes.teastore.webui/,185948954819232,185949025941775
http://172.16.192.6:30080/tools.descartes.teastore.webui/,185949026198440,185949092718483
http://172.16.192.6:30080/tools.descartes.teastore.webui/,185949135682000,185949203386447
http://172.16.192.6:30080/tools.descartes.teastore.webui/,185949316814707,185949392188525
http://172.16.192.6:30080/tools.descartes.teastore.webui/,185949387278820,185949454757777
http://172.16.192.6:30080/tools.descartes.teastore.webui/,185949434861865,185949503757434
http://172.16.192.6:30080/tools.descartes.teastore.webui/,185949506318940,185949575737909
http://172.16.192.6:30080/tools.descartes.teastore.webui/,185949675211253,185949742612407
http://172.16.192.6:30080/tools.descartes.teastore.webui/,185949881857023,185949953266867
http://172.16.192.6:30080/tools.descartes.teastore.webui/,185949889384339,185949955680447
http://172.16.192.6:30080/tools.descartes.teastore.webui/,185949999000427,185950070862808
http://172.16.192.6:30080/tools.descartes.teastore.webui/,185950070501187,185950138259062
http://172.16.192.6:30080/tools.descartes.teastore.webui/,185950212176878,185950280591343
http://172.16.192.6:30080/tools.descartes.teastore.webui/,185950273831397,185950344118618
http://172.16.192.6:30080/tools.descartes.teastore.webui/,185950413315980,185950483671801
http://172.16.192.6:30080/tools.descartes.teastore.webui/,185950434798959,185950512885066
http://172.16.192.6:30080/tools.descartes.teastore.webui/,185950530543235,185950598270528
http://172.16.192.6:30080/tools.descartes.teastore.webui/,185950587171025,185950653341200
http://172.16.192.6:30080/tools.descartes.teastore.webui/,185950732746726,185950805157582
http://172.16.192.6:30080/tools.descartes.teastore.webui/,185950890375947,185950958527994
http://172.16.192.6:30080/tools.descartes.teastore.webui/,185951047905676,185951116028719
http://172.16.192.6:30080/tools.descartes.teastore.webui/,185951083464554,185951155700564
http://172.16.192.6:30080/tools.descartes.teastore.webui/,185951086919209,185951157889605
http://172.16.192.6:30080/tools.descartes.teastore.webui/,185951244538821,185951318080299
http://172.16.192.6:30080/tools.descartes.teastore.webui/,185951309329494,185951374224823
http://172.16.192.6:30080/tools.descartes.teastore.webui/,185951486072284,185951556150365
http://172.16.192.6:30080/tools.descartes.teastore.webui/,185951520458375,185951589677478
http://172.16.192.6:30080/tools.descartes.teastore.webui/,185951678274083,185951745571112
http://172.16.192.6:30080/tools.descartes.teastore.webui/,185951690698073,185951755582593
http://172.16.192.6:30080/tools.descartes.teastore.webui/,185951807205417,185951872305512
http://172.16.192.6:30080/tools.descartes.teastore.webui/,185951912667884,185951980364805
http://172.16.192.6:30080/tools.descartes.teastore.webui/,185952114535745,185952180723952
http://172.16.192.6:30080/tools.descartes.teastore.webui/,185952127886944,185952201532729
http://172.16.192.6:30080/tools.descartes.teastore.webui/,185952288735700,185952354766385
http://172.16.192.6:30080/tools.descartes.teastore.webui/,185952390097299,185952458535717
http://172.16.192.6:30080/tools.descartes.teastore.webui/,185952543607414,185952610569256
http://172.16.192.6:30080/tools.descartes.teastore.webui/,185952543745638,185952612553414
http://172.16.192.6:30080/tools.descartes.teastore.webui/,185952734658224,185952802606771
http://172.16.192.6:30080/tools.descartes.teastore.webui/,185952867384494,185952932160696
http://172.16.192.6:30080/tools.descartes.teastore.webui/,185952945908273,185953012512289
http://172.16.192.6:30080/tools.descartes.teastore.webui/,185953051559103,185953116166340
http://172.16.192.6:30080/tools.descartes.teastore.webui/,185953176409877,185953242811914
http://172.16.192.6:30080/tools.descartes.teastore.webui/,185953311896377,185953382252172
http://172.16.192.6:30080/tools.descartes.teastore.webui/,185953395494119,185953463551833
http://172.16.192.6:30080/tools.descartes.teastore.webui/,185953531319858,185953599073426
http://172.16.192.6:30080/tools.descartes.teastore.webui/,185953531540451,185953599098794
http://172.16.192.6:30080/tools.descartes.teastore.webui/,185953531063655,185953599108482
http://172.16.192.6:30080/tools.descartes.teastore.webui/,185953702218780,185953777777028
http://172.16.192.6:30080/tools.descartes.teastore.webui/,185953858796986,185953927583692
http://172.16.192.6:30080/tools.descartes.teastore.webui/,185953885045367,185953950595958
http://172.16.192.6:30080/tools.descartes.teastore.webui/,185953998608217,185954066613744
http://172.16.192.6:30080/tools.descartes.teastore.webui/,185954027180892,185954091356624
http://172.16.192.6:30080/tools.descartes.teastore.webui/,185954078594244,185954148553635
http://172.16.192.6:30080/tools.descartes.teastore.webui/,185954192503259,185954261783048
http://172.16.192.6:30080/tools.descartes.teastore.webui/,185954433327998,185954507006047
http://172.16.192.6:30080/tools.descartes.teastore.webui/,185954590116598,185954664140967
http://172.16.192.6:30080/tools.descartes.teastore.webui/,185954589886867,185954664207845
http://172.16.192.6:30080/tools.descartes.teastore.webui/,185954645582838,185954715256291
http://172.16.192.6:30080/tools.descartes.teastore.webui/,185954720928904,185954787873248
http://172.16.192.6:30080/tools.descartes.teastore.webui/,185954816926151,185954886409592
http://172.16.192.6:30080/tools.descartes.teastore.webui/,185955040826764,185955112036301
http://172.16.192.6:30080/tools.descartes.teastore.webui/,185955163473538,185955232369806
http://172.16.192.6:30080/tools.descartes.teastore.webui/,185955176828485,185955244903614
http://172.16.192.6:30080/tools.descartes.teastore.webui/,185955209352892,185955275442397
http://172.16.192.6:30080/tools.descartes.teastore.webui/,185955323836512,185955391826012
http://172.16.192.6:30080/tools.descartes.teastore.webui/,185955414437405,185955488602332
http://172.16.192.6:30080/tools.descartes.teastore.webui/,185955532491291,185955608518993
http://172.16.192.6:30080/tools.descartes.teastore.webui/,185955699327316,185955772156446
http://172.16.192.6:30080/tools.descartes.teastore.webui/,185955832145436,185955907300067
http://172.16.192.6:30080/tools.descartes.teastore.webui/,185955914574654,185955982172233
http://172.16.192.6:30080/tools.descartes.teastore.webui/,185956054124547,185956120758671
http://172.16.192.6:30080/tools.descartes.teastore.webui/,185956193650426,185956261779966
http://172.16.192.6:30080/tools.descartes.teastore.webui/,185956275205064,185956345819117
http://172.16.192.6:30080/tools.descartes.teastore.webui/login,185956317553789,185956386873057
http://172.16.192.6:30080/tools.descartes.teastore.webui/login,185956355774886,185956420633325
http://172.16.192.6:30080/tools.descartes.teastore.webui/login,185956494957970,185956560285606
http://172.16.192.6:30080/tools.descartes.teastore.webui/login,185956552404994,185956620692487
http://172.16.192.6:30080/tools.descartes.teastore.webui/login,185956675733856,185956742498608
http://172.16.192.6:30080/tools.descartes.teastore.webui/login,185956758951325,185956828775500
http://172.16.192.6:30080/tools.descartes.teastore.webui/login,185956855410703,185956920999381
http://172.16.192.6:30080/tools.descartes.teastore.webui/login,185957006469644,185957072158209
http://172.16.192.6:30080/tools.descartes.teastore.webui/login,185957009638786,185957078521125
http://172.16.192.6:30080/tools.descartes.teastore.webui/login,185957129871989,185957195746247
http://172.16.192.6:30080/tools.descartes.teastore.webui/login,185957199112313,185957276389708
http://172.16.192.6:30080/tools.descartes.teastore.webui/login,185957317208358,185957384249226
http://172.16.192.6:30080/tools.descartes.teastore.webui/login,185957424758637,185957491797739
http://172.16.192.6:30080/tools.descartes.teastore.webui/login,185957575974271,185957641919577
http://172.16.192.6:30080/tools.descartes.teastore.webui/login,185957622349756,185957689195475
http://172.16.192.6:30080/tools.descartes.teastore.webui/login,185957709880100,185957773848435
http://172.16.192.6:30080/tools.descartes.teastore.webui/login,185957946695996,185958016188743
http://172.16.192.6:30080/tools.descartes.teastore.webui/login,185957951884202,185958017490019
http://172.16.192.6:30080/tools.descartes.teastore.webui/login,185958145119994,185958215124756
http://172.16.192.6:30080/tools.descartes.teastore.webui/login,185958157217559,185958223420208
http://172.16.192.6:30080/tools.descartes.teastore.webui/login,185958276520289,185958343162810
http://172.16.192.6:30080/tools.descartes.teastore.webui/login,185958320784798,185958388312177
http://172.16.192.6:30080/tools.descartes.teastore.webui/login,185958468845257,185958545599289
http://172.16.192.6:30080/tools.descartes.teastore.webui/login,185958559225920,185958631417435
http://172.16.192.6:30080/tools.descartes.teastore.webui/login,185958769542165,185958843239829
http://172.16.192.6:30080/tools.descartes.teastore.webui/login,185958914979821,185958984507045
http://172.16.192.6:30080/tools.descartes.teastore.webui/login,185958935157929,185959003718686
http://172.16.192.6:30080/tools.descartes.teastore.webui/login,185959079388396,185959148427558
http://172.16.192.6:30080/tools.descartes.teastore.webui/login,185959224480244,185959292945191
http://172.16.192.6:30080/tools.descartes.teastore.webui/login,185959369864153,185959440635815
http://172.16.192.6:30080/tools.descartes.teastore.webui/login,185959404037988,185959469915280
http://172.16.192.6:30080/tools.descartes.teastore.webui/login,185959448331916,185959521102640
http://172.16.192.6:30080/tools.descartes.teastore.webui/login,185959443351957,185959521257308
http://172.16.192.6:30080/tools.descartes.teastore.webui/login,185959578793041,185959647900490
http://172.16.192.6:30080/tools.descartes.teastore.webui/login,185959783333331,185959851777786
http://172.16.192.6:30080/tools.descartes.teastore.webui/login,185959808315039,185959874498761
http://172.16.192.6:30080/tools.descartes.teastore.webui/login,185959918493503,185959986952843
http://172.16.192.6:30080/tools.descartes.teastore.webui/login,185960060735284,185960135760185
http://172.16.192.6:30080/tools.descartes.teastore.webui/login,185960077977998,185960142402496
http://172.16.192.6:30080/tools.descartes.teastore.webui/login,185960220235905,185960292171896
http://172.16.192.6:30080/tools.descartes.teastore.webui/login,185960337450899,185960405049108
http://172.16.192.6:30080/tools.descartes.teastore.webui/login,185960383673528,185960450948912
http://172.16.192.6:30080/tools.descartes.teastore.webui/login,185960433123755,185960498278982
http://172.16.192.6:30080/tools.descartes.teastore.webui/login,185960635764689,185960706566836
http://172.16.192.6:30080/tools.descartes.teastore.webui/login,185960839207800,185960907504553
http://172.16.192.6:30080/tools.descartes.teastore.webui/login,185960876312121,185960943116654
http://172.16.192.6:30080/tools.descartes.teastore.webui/login,185961000539304,185961065242355
http://172.16.192.6:30080/tools.descartes.teastore.webui/login,185961124780660,185961190127425
http://172.16.192.6:30080/tools.descartes.teastore.webui/login,185961231831189,185961302790520
http://172.16.192.6:30080/tools.descartes.teastore.webui/login,185961258934678,185961328512422
http://172.16.192.6:30080/tools.descartes.teastore.webui/login,185961331110475,185961400190892
http://172.16.192.6:30080/tools.descartes.teastore.webui/login,185961407265532,185961473895442
http://172.16.192.6:30080/tools.descartes.teastore.webui/login,185961549721192,185961616594903
http://172.16.192.6:30080/tools.descartes.teastore.webui/login,185961549823268,185961617537245
http://172.16.192.6:30080/tools.descartes.teastore.webui/login,185961753119554,185961823305441
http://172.16.192.6:30080/tools.descartes.teastore.webui/login,185961763167376,185961828303349
http://172.16.192.6:30080/tools.descartes.teastore.webui/login,185961896465229,185961963847739
http://172.16.192.6:30080/tools.descartes.teastore.webui/login,185961970718516,185962035186790
http://172.16.192.6:30080/tools.descartes.teastore.webui/login,185962028104605,185962092142710
http://172.16.192.6:30080/tools.descartes.teastore.webui/login,185962183801223,185962249132347
http://172.16.192.6:30080/tools.descartes.teastore.webui/login,185962317096544,185962382675845
http://172.16.192.6:30080/tools.descartes.teastore.webui/login,185962339294491,185962406771612
http://172.16.192.6:30080/tools.descartes.teastore.webui/login,185962434494188,185962501820830
http://172.16.192.6:30080/tools.descartes.teastore.webui/login,185962513007404,185962584978473
http://172.16.192.6:30080/tools.descartes.teastore.webui/login,185962608470751,185962674775179
http://172.16.192.6:30080/tools.descartes.teastore.webui/login,185962665748959,185962738683070
http://172.16.192.6:30080/tools.descartes.teastore.webui/login,185962771983214,185962843212102
http://172.16.192.6:30080/tools.descartes.teastore.webui/login,185962931246393,185963004881779
http://172.16.192.6:30080/tools.descartes.teastore.webui/login,185962978503906,185963058776661
http://172.16.192.6:30080/tools.descartes.teastore.webui/login,185963096708657,185963166177131
http://172.16.192.6:30080/tools.descartes.teastore.webui/login,185963179992125,185963249331530
http://172.16.192.6:30080/tools.descartes.teastore.webui/login,185963283223993,185963349419395
http://172.16.192.6:30080/tools.descartes.teastore.webui/login,185963411389874,185963482591365
http://172.16.192.6:30080/tools.descartes.teastore.webui/login,185963570468226,185963639354732
http://172.16.192.6:30080/tools.descartes.teastore.webui/login,185963738748620,185963808406816
http://172.16.192.6:30080/tools.descartes.teastore.webui/login,185963861235135,185963925914186
http://172.16.192.6:30080/tools.descartes.teastore.webui/login,185963901428663,185963969231244
http://172.16.192.6:30080/tools.descartes.teastore.webui/login,185963984492878,185964049273713
http://172.16.192.6:30080/tools.descartes.teastore.webui/login,185964085948265,185964160741829
http://172.16.192.6:30080/tools.descartes.teastore.webui/login,185964184215198,185964255834033
http://172.16.192.6:30080/tools.descartes.teastore.webui/login,185964331472862,185964400410555
http://172.16.192.6:30080/tools.descartes.teastore.webui/login,185964415807254,185964484828373
http://172.16.192.6:30080/tools.descartes.teastore.webui/login,185964448949693,185964519276827
http://172.16.192.6:30080/tools.descartes.teastore.webui/login,185964533091664,185964599773510
http://172.16.192.6:30080/tools.descartes.teastore.webui/login,185964674439777,185964739648717
http://172.16.192.6:30080/tools.descartes.teastore.webui/login,185964816815206,185964892893856
http://172.16.192.6:30080/tools.descartes.teastore.webui/login,185964864096205,185964933579289
http://172.16.192.6:30080/tools.descartes.teastore.webui/login,185965085521523,185965159373131
http://172.16.192.6:30080/tools.descartes.teastore.webui/login,185965165721909,185965236351917
http://172.16.192.6:30080/tools.descartes.teastore.webui/login,185965304982272,185965371534655
http://172.16.192.6:30080/tools.descartes.teastore.webui/login,185965444224850,185965511926725
http://172.16.192.6:30080/tools.descartes.teastore.webui/login,185965444270615,185965516047078
http://172.16.192.6:30080/tools.descartes.teastore.webui/login,185965554519692,185965619733995
http://172.16.192.6:30080/tools.descartes.teastore.webui/login,185965554470338,185965627931684
http://172.16.192.6:30080/tools.descartes.teastore.webui/login,185965715824109,185965783717078
http://172.16.192.6:30080/tools.descartes.teastore.webui/login,185965852098507,185965924813549
http://172.16.192.6:30080/tools.descartes.teastore.webui/login,185965928299803,185965999718779
http://172.16.192.6:30080/tools.descartes.teastore.webui/login,185965979562179,185966044187521
http://172.16.192.6:30080/tools.descartes.teastore.webui/login,185966080926762,185966161554727
http://172.16.192.6:30080/tools.descartes.teastore.webui/login,185966226618021,185966320257432
http://172.16.192.6:30080/tools.descartes.teastore.webui/login,185966245771180,185966320287198
http://172.16.192.6:30080/tools.descartes.teastore.webui/login,185966365910372,185966433675159
http://172.16.192.6:30080/tools.descartes.teastore.webui/login,185966426057317,185966497272265
http://172.16.192.6:30080/tools.descartes.teastore.webui/login,185966552288382,185966620142761
http://172.16.192.6:30080/tools.descartes.teastore.webui/login,185966587894478,185966661160071
http://172.16.192.6:30080/tools.descartes.teastore.webui/login,185966721240249,185966789927532
http://172.16.192.6:30080/tools.descartes.teastore.webui/login,185966819525739,185966884495092
http://172.16.192.6:30080/tools.descartes.teastore.webui/login,185967022958672,185967096004959
http://172.16.192.6:30080/tools.descartes.teastore.webui/login,185967051186549,185967119308183
http://172.16.192.6:30080/tools.descartes.teastore.webui/login,185967098676446,185967167820426
http://172.16.192.6:30080/tools.descartes.teastore.webui/login,185967249925695,185967319529077
http://172.16.192.6:30080/tools.descartes.teastore.webui/login,185967401195130,185967472016572
http://172.16.192.6:30080/tools.descartes.teastore.webui/login,185967461187069,185967527231441
http://172.16.192.6:30080/tools.descartes.teastore.webui/login,185967499612715,185967568289180
http://172.16.192.6:30080/tools.descartes.teastore.webui/login,185967704108161,185967777199339
http://172.16.192.6:30080/tools.descartes.teastore.webui/login,185967860280862,185967939641671
http://172.16.192.6:30080/tools.descartes.teastore.webui/login,185967908595118,185967981150431
http://172.16.192.6:30080/tools.descartes.teastore.webui/login,185968064848366,185968135011823
http://172.16.192.6:30080/tools.descartes.teastore.webui/login,185968154104092,185968220195729
http://172.16.192.6:30080/tools.descartes.teastore.webui/login,185968193371107,185968258972221
http://172.16.192.6:30080/tools.descartes.teastore.webui/login,185968349558748,185968423984064
http://172.16.192.6:30080/tools.descartes.teastore.webui/login,185968361723650,185968433827795
http://172.16.192.6:30080/tools.descartes.teastore.webui/login,185968408964833,185968475177977
http://172.16.192.6:30080/tools.descartes.teastore.webui/login,185968565216736,185968653399684
http://172.16.192.6:30080/tools.descartes.teastore.webui/login,185968853760109,185968929448520
http://172.16.192.6:30080/tools.descartes.teastore.webui/login,185968986020628,185969056468065
http://172.16.192.6:30080/tools.descartes.teastore.webui/login,185968996332837,185969060119397
http://172.16.192.6:30080/tools.descartes.teastore.webui/login,185969096551450,185969163884615
http://172.16.192.6:30080/tools.descartes.teastore.webui/login,185969194785436,185969259193281
http://172.16.192.6:30080/tools.descartes.teastore.webui/login,185969327048508,185969397190484
http://172.16.192.6:30080/tools.descartes.teastore.webui/login,185969352309736,185969418675166
http://172.16.192.6:30080/tools.descartes.teastore.webui/login,185969455485175,185969527315415
http://172.16.192.6:30080/tools.descartes.teastore.webui/login,185969462784314,185969527453122
http://172.16.192.6:30080/tools.descartes.teastore.webui/login,185969532074074,185969597286827
http://172.16.192.6:30080/tools.descartes.teastore.webui/login,185969809793518,185969878717248
http://172.16.192.6:30080/tools.descartes.teastore.webui/login,185969948896057,185970015632515
http://172.16.192.6:30080/tools.descartes.teastore.webui/login,185969966934080,185970035430473
http://172.16.192.6:30080/tools.descartes.teastore.webui/login,185970106318386,185970171954836
http://172.16.192.6:30080/tools.descartes.teastore.webui/login,185970136320651,185970204108998
http://172.16.192.6:30080/tools.descartes.teastore.webui/login,185970189623249,185970258041739
http://172.16.192.6:30080/tools.descartes.teastore.webui/login,185970328698027,185970395288286
http://172.16.192.6:30080/tools.descartes.teastore.webui/login,185970367920648,185970434646956
http://172.16.192.6:30080/tools.descartes.teastore.webui/login,185970528625980,185970594366428
http://172.16.192.6:30080/tools.descartes.teastore.webui/login,185970528667122,185970597418044
http://172.16.192.6:30080/tools.descartes.teastore.webui/login,185970723146817,185970790454689
http://172.16.192.6:30080/tools.descartes.teastore.webui/login,185970766359931,185970832618741
http://172.16.192.6:30080/tools.descartes.teastore.webui/login,185970842524611,185970909966911
http://172.16.192.6:30080/tools.descartes.teastore.webui/login,185971006988673,185971083136535
http://172.16.192.6:30080/tools.descartes.teastore.webui/login,185971096314528,185971163347244
http://172.16.192.6:30080/tools.descartes.teastore.webui/login,185971151497936,185971221240859
http://172.16.192.6:30080/tools.descartes.teastore.webui/login,185971322633556,185971388353347
http://172.16.192.6:30080/tools.descartes.teastore.webui/login,185971370802914,185971435395357
http://172.16.192.6:30080/tools.descartes.teastore.webui/login,185971431121425,185971495850772
http://172.16.192.6:30080/tools.descartes.teastore.webui/login,185971521435307,185971586325371
http://172.16.192.6:30080/tools.descartes.teastore.webui/login,185971561637759,185971628155116
http://172.16.192.6:30080/tools.descartes.teastore.webui/login,185971717944979,185971784666359
http://172.16.192.6:30080/tools.descartes.teastore.webui/login,185971868081619,185971931830907
http://172.16.192.6:30080/tools.descartes.teastore.webui/login,185971872223702,185971938147588
http://172.16.192.6:30080/tools.descartes.teastore.webui/login,185972028611404,185972093935648
http://172.16.192.6:30080/tools.descartes.teastore.webui/login,185972123899003,185972190989773
http://172.16.192.6:30080/tools.descartes.teastore.webui/login,185972295447825,185972364032136
http://172.16.192.6:30080/tools.descartes.teastore.webui/login,185972290535302,185972364112567
http://172.16.192.6:30080/tools.descartes.teastore.webui/login,185972420841006,185972487300012
http://172.16.192.6:30080/tools.descartes.teastore.webui/login,185972577026673,185972644379896
http://172.16.192.6:30080/tools.descartes.teastore.webui/login,185972863317711,185972931854420
http://172.16.192.6:30080/tools.descartes.teastore.webui/login,185972981413702,185973047384314
http://172.16.192.6:30080/tools.descartes.teastore.webui/login,185973076645440,185973144020096
http://172.16.192.6:30080/tools.descartes.teastore.webui/login,185973113962687,185973181780543
http://172.16.192.6:30080/tools.descartes.teastore.webui/login,185973212180895,185973279516083
http://172.16.192.6:30080/tools.descartes.teastore.webui/login,185973312313586,185973379205819
http://172.16.192.6:30080/tools.descartes.teastore.webui/login,185973353507929,185973423586519
http://172.16.192.6:30080/tools.descartes.teastore.webui/login,185973373846562,185973445782069
http://172.16.192.6:30080/tools.descartes.teastore.webui/login,185973552155825,185973620588924
http://172.16.192.6:30080/tools.descartes.teastore.webui/login,185973552197045,185973622903837
http://172.16.192.6:30080/tools.descartes.teastore.webui/login,185973735583069,185973805241713
http://172.16.192.6:30080/tools.descartes.teastore.webui/login,185973788964597,185973855320355
http://172.16.192.6:30080/tools.descartes.teastore.webui/login,185973856341056,185973923396470
http://172.16.192.6:30080/tools.descartes.teastore.webui/login,185974009716382,185974073901521
http://172.16.192.6:30080/tools.descartes.teastore.webui/login,185974151130666,185974219748904
http://172.16.192.6:30080/tools.descartes.teastore.webui/login,185974292376091,185974362610153
http://172.16.192.6:30080/tools.descartes.teastore.webui/login,185974351519651,185974423245823
http://172.16.192.6:30080/tools.descartes.teastore.webui/login,185974351615651,185974423346676
http://172.16.192.6:30080/tools.descartes.teastore.webui/login,185974485871520,185974551551888
http://172.16.192.6:30080/tools.descartes.teastore.webui/login,185974637318427,185974710000132
http://172.16.192.6:30080/tools.descartes.teastore.webui/login,185974810732895,185974883122072
http://172.16.192.6:30080/tools.descartes.teastore.webui/login,185974837125148,185974904954682
http://172.16.192.6:30080/tools.descartes.teastore.webui/login,185974982509685,185975056626321
http://172.16.192.6:30080/tools.descartes.teastore.webui/login,185975099697323,185975166211692
http://172.16.192.6:30080/tools.descartes.teastore.webui/login,185975196024647,185975263413499
http://172.16.192.6:30080/tools.descartes.teastore.webui/login,185975325228372,185975397779354
http://172.16.192.6:30080/tools.descartes.teastore.webui/login,185975457459432,185975534349222
http://172.16.192.6:30080/tools.descartes.teastore.webui/login,185975457414497,185975534471877
http://172.16.192.6:30080/tools.descartes.teastore.webui/login,185975474595897,185975538067857
http://172.16.192.6:30080/tools.descartes.teastore.webui/login,185975557037532,185975621471026
http://172.16.192.6:30080/tools.descartes.teastore.webui/login,185975653550572,185975722163897
http://172.16.192.6:30080/tools.descartes.teastore.webui/login,185975727643597,185975794515114
http://172.16.192.6:30080/tools.descartes.teastore.webui/login,185975838184259,185975915763136
http://172.16.192.6:30080/tools.descartes.teastore.webui/login,185975925841084,185975995948885
http://172.16.192.6:30080/tools.descartes.teastore.webui/login,185976019303454,185976096889784
http://172.16.192.6:30080/tools.descartes.teastore.webui/login,185976164509359,185976241830648
http://172.16.192.6:30080/tools.descartes.teastore.webui/login,185976309757960,185976379143253
http://172.16.192.6:30080/tools.descartes.teastore.webui/login,185976318962575,185976384042575
http://172.16.192.6:30080/tools.descartes.teastore.webui/login,185976500439879,185976580434425
http://172.16.192.6:30080/tools.descartes.teastore.webui/login,185976584458223,185976998316430
http://172.16.192.6:30080/tools.descartes.teastore.webui/login,185976769905125,185976998326877
http://172.16.192.6:30080/tools.descartes.teastore.webui/login,185976849321110,185976999688432
http://172.16.192.6:30080/tools.descartes.teastore.webui/login,185977033361165,185977106902892
http://172.16.192.6:30080/tools.descartes.teastore.webui/login,185977300268492,185977592540468
http://172.16.192.6:30080/tools.descartes.teastore.webui/login,185977208655898,185977592597228
http://172.16.192.6:30080/tools.descartes.teastore.webui/login,185977363997215,185977593817673
http://172.16.192.6:30080/tools.descartes.teastore.webui/login,185977219984886,185977596479832
http://172.16.192.6:30080/tools.descartes.teastore.webui/login,185977527430548,185977596603628
http://172.16.192.6:30080/tools.descartes.teastore.webui/login,185977090649864,185977596626809
http://172.16.192.6:30080/tools.descartes.teastore.webui/login,185977527534715,185977599471597
http://172.16.192.6:30080/tools.descartes.teastore.webui/login,185977794005351,185977862831680
http://172.16.192.6:30080/tools.descartes.teastore.webui/login,185977841237999,185977904502297
http://172.16.192.6:30080/tools.descartes.teastore.webui/login,185977932269355,185977997572766
http://172.16.192.6:30080/tools.descartes.teastore.webui/login,185977945487713,185978010624607
http://172.16.192.6:30080/tools.descartes.teastore.webui/login,185978049827442,185978120713456
http://172.16.192.6:30080/tools.descartes.teastore.webui/login,185978165703865,185978233738545
http://172.16.192.6:30080/tools.descartes.teastore.webui/login,185978353290143,185978421250756
http://172.16.192.6:30080/tools.descartes.teastore.webui/login,185978473660106,185978542088424
http://172.16.192.6:30080/tools.descartes.teastore.webui/login,185978571881282,185978641251410
http://172.16.192.6:30080/tools.descartes.teastore.webui/login,185978571749547,185978641320512
http://172.16.192.6:30080/tools.descartes.teastore.webui/login,185978656258444,185978722993601
http://172.16.192.6:30080/tools.descartes.teastore.webui/login,185978806539814,185978875059446
http://172.16.192.6:30080/tools.descartes.teastore.webui/login,185978922778311,185978992671857
http://172.16.192.6:30080/tools.descartes.teastore.webui/login,185978930014401,185978998666909
http://172.16.192.6:30080/tools.descartes.teastore.webui/login,185979096388803,185979162783973
http://172.16.192.6:30080/tools.descartes.teastore.webui/login,185979097496227,185979162824391
http://172.16.192.6:30080/tools.descartes.teastore.webui/login,185979254094878,185979323652876
http://172.16.192.6:30080/tools.descartes.teastore.webui/login,185979396336602,185979464563056
http://172.16.192.6:30080/tools.descartes.teastore.webui/login,185979417608256,185979485860784
http://172.16.192.6:30080/tools.descartes.teastore.webui/login,185979606245258,185979677426381
http://172.16.192.6:30080/tools.descartes.teastore.webui/login,185979761629480,185979830815016
http://172.16.192.6:30080/tools.descartes.teastore.webui/login,185979908778309,185979976281766
http://172.16.192.6:30080/tools.descartes.teastore.webui/login,185979985004569,185980053547682
http://172.16.192.6:30080/tools.descartes.teastore.webui/login,185980132268298,185980197288513
http://172.16.192.6:30080/tools.descartes.teastore.webui/login,185980279374569,185980348315172
http://172.16.192.6:30080/tools.descartes.teastore.webui/login,185980330640235,185980399682522
http://172.16.192.6:30080/tools.descartes.teastore.webui/login,185980366823537,185980439425500
http://172.16.192.6:30080/tools.descartes.teastore.webui/login,185980409915177,185980475508567
http://172.16.192.6:30080/tools.descartes.teastore.webui/login,185980462160835,185980539381145
http://172.16.192.6:30080/tools.descartes.teastore.webui/login,185980513402783,185980576516251
http://172.16.192.6:30080/tools.descartes.teastore.webui/login,185980678022540,185980746956845
http://172.16.192.6:30080/tools.descartes.teastore.webui/login,185980677908223,185980747107196
http://172.16.192.6:30080/tools.descartes.teastore.webui/login,185980757274869,185980821987218
http://172.16.192.6:30080/tools.descartes.teastore.webui/login,185980897545183,185980962411648
http://172.16.192.6:30080/tools.descartes.teastore.webui/login,185980995774075,185981071636543
http://172.16.192.6:30080/tools.descartes.teastore.webui/login,185981155986556,185981237310315
http://172.16.192.6:30080/tools.descartes.teastore.webui/login,185981173222715,185981241731328
http://172.16.192.6:30080/tools.descartes.teastore.webui/login,185981403973097,185981469514113
http://172.16.192.6:30080/tools.descartes.teastore.webui/login,185981564230107,185981630602709
http://172.16.192.6:30080/tools.descartes.teastore.webui/login,185981564284285,185981632104464
http://172.16.192.6:30080/tools.descartes.teastore.webui/login,185981775676188,185981842592228
http://172.16.192.6:30080/tools.descartes.teastore.webui/login,185981919924358,185981984229247
[POST]http://172.16.192.6:30080/tools.descartes.teastore.webui/loginAction?username=user49&password=password,185981951115298,185982083050836
[POST]http://172.16.192.6:30080/tools.descartes.teastore.webui/loginAction?username=user23&password=password,185982022258204,185982138740532
[POST]http://172.16.192.6:30080/tools.descartes.teastore.webui/loginAction?username=user11&password=password,185982105452845,185982286924027
[POST]http://172.16.192.6:30080/tools.descartes.teastore.webui/loginAction?username=user61&password=password,185982175750153,185982333477433
[POST]http://172.16.192.6:30080/tools.descartes.teastore.webui/loginAction?username=user83&password=password,185982351368205,185982468749688
[POST]http://172.16.192.6:30080/tools.descartes.teastore.webui/loginAction?username=user56&password=password,185982390659282,185982508379511
[POST]http://172.16.192.6:30080/tools.descartes.teastore.webui/loginAction?username=user39&password=password,185982430910702,185982543917678
[POST]http://172.16.192.6:30080/tools.descartes.teastore.webui/loginAction?username=user17&password=password,185982556301907,185982669529815
[POST]http://172.16.192.6:30080/tools.descartes.teastore.webui/loginAction?username=user88&password=password,185982657906012,185982778713702
[POST]http://172.16.192.6:30080/tools.descartes.teastore.webui/loginAction?username=user64&password=password,185982764124813,185982878186729
[POST]http://172.16.192.6:30080/tools.descartes.teastore.webui/loginAction?username=user4&password=password,185982901261659,185983013338455
[POST]http://172.16.192.6:30080/tools.descartes.teastore.webui/loginAction?username=user89&password=password,185982972464718,185983089346461
[POST]http://172.16.192.6:30080/tools.descartes.teastore.webui/loginAction?username=user37&password=password,185983043057004,185983158493581
[POST]http://172.16.192.6:30080/tools.descartes.teastore.webui/loginAction?username=user45&password=password,185983188231018,185983300089790
[POST]http://172.16.192.6:30080/tools.descartes.teastore.webui/loginAction?username=user6&password=password,185983303400252,185983422268199
[POST]http://172.16.192.6:30080/tools.descartes.teastore.webui/loginAction?username=user50&password=password,185983451786734,185983571057511
[POST]http://172.16.192.6:30080/tools.descartes.teastore.webui/loginAction?username=user63&password=password,185983576221554,185983695220300
[POST]http://172.16.192.6:30080/tools.descartes.teastore.webui/loginAction?username=user31&password=password,185983576077191,185983695314094
[POST]http://172.16.192.6:30080/tools.descartes.teastore.webui/loginAction?username=user9&password=password,185983751364670,185983868502334
[POST]http://172.16.192.6:30080/tools.descartes.teastore.webui/loginAction?username=user59&password=password,185983883603336,185984001711513
[POST]http://172.16.192.6:30080/tools.descartes.teastore.webui/loginAction?username=user18&password=password,185984017967257,185984137584469
[POST]http://172.16.192.6:30080/tools.descartes.teastore.webui/loginAction?username=user45&password=password,185984057207048,185984175907302
[POST]http://172.16.192.6:30080/tools.descartes.teastore.webui/loginAction?username=user9&password=password,185984190627344,185984307278333
[POST]http://172.16.192.6:30080/tools.descartes.teastore.webui/loginAction?username=user35&password=password,185984322849932,185984438018760
[POST]http://172.16.192.6:30080/tools.descartes.teastore.webui/loginAction?username=user4&password=password,185984388090622,185984502681444
[POST]http://172.16.192.6:30080/tools.descartes.teastore.webui/loginAction?username=user11&password=password,185984520340827,185984635484226
[POST]http://172.16.192.6:30080/tools.descartes.teastore.webui/loginAction?username=user13&password=password,185984559619879,185984675648259
[POST]http://172.16.192.6:30080/tools.descartes.teastore.webui/loginAction?username=user9&password=password,185984559574045,185984676316495
[POST]http://172.16.192.6:30080/tools.descartes.teastore.webui/loginAction?username=user82&password=password,185984779055954,185984897160557
[POST]http://172.16.192.6:30080/tools.descartes.teastore.webui/loginAction?username=user68&password=password,185984802331085,185984919813884
[POST]http://172.16.192.6:30080/tools.descartes.teastore.webui/loginAction?username=user65&password=password,185984900454268,185985019027985
[POST]http://172.16.192.6:30080/tools.descartes.teastore.webui/loginAction?username=user8&password=password,185985036703569,185985165836957
[POST]http://172.16.192.6:30080/tools.descartes.teastore.webui/loginAction?username=user9&password=password,185985111881400,185985222324288
[POST]http://172.16.192.6:30080/tools.descartes.teastore.webui/loginAction?username=user78&password=password,185985163991254,185985286158019
[POST]http://172.16.192.6:30080/tools.descartes.teastore.webui/loginAction?username=user89&password=password,185985271675878,185985403934284
[POST]http://172.16.192.6:30080/tools.descartes.teastore.webui/loginAction?username=user29&password=password,185985437535111,185985562226677
[POST]http://172.16.192.6:30080/tools.descartes.teastore.webui/loginAction?username=user80&password=password,185985510757750,185985625420703
[POST]http://172.16.192.6:30080/tools.descartes.teastore.webui/loginAction?username=user39&password=password,185985647051099,185985761360629
[POST]http://172.16.192.6:30080/tools.descartes.teastore.webui/loginAction?username=user46&password=password,185985705536535,185985815944114
[POST]http://172.16.192.6:30080/tools.descartes.teastore.webui/loginAction?username=user9&password=password,185985762947419,185985874724641
[POST]http://172.16.192.6:30080/tools.descartes.teastore.webui/loginAction?username=user39&password=password,185985881250202,185985993421554
[POST]http://172.16.192.6:30080/tools.descartes.teastore.webui/loginAction?username=user46&password=password,185986077770114,185986192613963
[POST]http://172.16.192.6:30080/tools.descartes.teastore.webui/loginAction?username=user34&password=password,185986094030437,185986206611523
[POST]http://172.16.192.6:30080/tools.descartes.teastore.webui/loginAction?username=user29&password=password,185986205216028,185986317744673
[POST]http://172.16.192.6:30080/tools.descartes.teastore.webui/loginAction?username=user76&password=password,185986350451203,185986467264005
[POST]http://172.16.192.6:30080/tools.descartes.teastore.webui/loginAction?username=user80&password=password,185986459519086,185986569857027
[POST]http://172.16.192.6:30080/tools.descartes.teastore.webui/loginAction?username=user37&password=password,185986527787962,185986640142708
[POST]http://172.16.192.6:30080/tools.descartes.teastore.webui/loginAction?username=user79&password=password,185986527742586,185986640309613
[POST]http://172.16.192.6:30080/tools.descartes.teastore.webui/loginAction?username=user30&password=password,185986762130470,185986877373470
[POST]http://172.16.192.6:30080/tools.descartes.teastore.webui/loginAction?username=user87&password=password,185986909253130,185987021731432
[POST]http://172.16.192.6:30080/tools.descartes.teastore.webui/loginAction?username=user29&password=password,185986941543608,185987054239370
[POST]http://172.16.192.6:30080/tools.descartes.teastore.webui/loginAction?username=user16&password=password,185987088686919,185987208205716
[POST]http://172.16.192.6:30080/tools.descartes.teastore.webui/loginAction?username=user3&password=password,185987143909182,185987259293629
[POST]http://172.16.192.6:30080/tools.descartes.teastore.webui/loginAction?username=user41&password=password,185987291166582,185987401362452
[POST]http://172.16.192.6:30080/tools.descartes.teastore.webui/loginAction?username=user21&password=password,185987438415252,185987554606057
[POST]http://172.16.192.6:30080/tools.descartes.teastore.webui/loginAction?username=user2&password=password,185987438530507,185987554623738
[POST]http://172.16.192.6:30080/tools.descartes.teastore.webui/loginAction?username=user19&password=password,185987525639930,185987641378914
[POST]http://172.16.192.6:30080/tools.descartes.teastore.webui/loginAction?username=user9&password=password,185987525793689,185987641500244
[POST]http://172.16.192.6:30080/tools.descartes.teastore.webui/loginAction?username=user47&password=password,185987623041144,185987735237642
[POST]http://172.16.192.6:30080/tools.descartes.teastore.webui/loginAction?username=user44&password=password,185987774281231,185987891159897
[POST]http://172.16.192.6:30080/tools.descartes.teastore.webui/loginAction?username=user37&password=password,185987925415573,185988038535420
[POST]http://172.16.192.6:30080/tools.descartes.teastore.webui/loginAction?username=user90&password=password,185987956475038,185988075283359
[POST]http://172.16.192.6:30080/tools.descartes.teastore.webui/loginAction?username=user53&password=password,185988107740739,185988221603904
[POST]http://172.16.192.6:30080/tools.descartes.teastore.webui/loginAction?username=user5&password=password,185988258997460,185988371554923
[POST]http://172.16.192.6:30080/tools.descartes.teastore.webui/loginAction?username=user43&password=password,185988410339210,185988540968318
[POST]http://172.16.192.6:30080/tools.descartes.teastore.webui/loginAction?username=user3&password=password,185988410222120,185988541027726
[POST]http://172.16.192.6:30080/tools.descartes.teastore.webui/loginAction?username=user87&password=password,185988455383193,185988576379623
[POST]http://172.16.192.6:30080/tools.descartes.teastore.webui/loginAction?username=user51&password=password,185988498584099,185988618997728
[POST]http://172.16.192.6:30080/tools.descartes.teastore.webui/loginAction?username=user72&password=password,185988625185358,185988741291253
[POST]http://172.16.192.6:30080/tools.descartes.teastore.webui/loginAction?username=user55&password=password,185988831614495,185988944285025
[POST]http://172.16.192.6:30080/tools.descartes.teastore.webui/loginAction?username=user35&password=password,185988849881232,185988960582159
[POST]http://172.16.192.6:30080/tools.descartes.teastore.webui/loginAction?username=user67&password=password,185989000976270,185989119319380
[POST]http://172.16.192.6:30080/tools.descartes.teastore.webui/loginAction?username=user73&password=password,185989152184088,185989267317724
[POST]http://172.16.192.6:30080/tools.descartes.teastore.webui/loginAction?username=user33&password=password,185989264344455,185989382103966
[POST]http://172.16.192.6:30080/tools.descartes.teastore.webui/loginAction?username=user87&password=password,185989371543574,185989482675126
[POST]http://172.16.192.6:30080/tools.descartes.teastore.webui/loginAction?username=user64&password=password,185989501953019,185989618368159
[POST]http://172.16.192.6:30080/tools.descartes.teastore.webui/loginAction?username=user38&password=password,185989501809560,185989618386613
[POST]http://172.16.192.6:30080/tools.descartes.teastore.webui/loginAction?username=user47&password=password,185989501679281,185989618442551
[POST]http://172.16.192.6:30080/tools.descartes.teastore.webui/loginAction?username=user14&password=password,185989589118623,185989707513693
[POST]http://172.16.192.6:30080/tools.descartes.teastore.webui/loginAction?username=user12&password=password,185989743240182,185989856711581
[POST]http://172.16.192.6:30080/tools.descartes.teastore.webui/loginAction?username=user30&password=password,185989856410788,185989967275045
[POST]http://172.16.192.6:30080/tools.descartes.teastore.webui/loginAction?username=user86&password=password,185989992429346,185990108061181
[POST]http://172.16.192.6:30080/tools.descartes.teastore.webui/loginAction?username=user58&password=password,185989995617294,185990111421568
[POST]http://172.16.192.6:30080/tools.descartes.teastore.webui/loginAction?username=user90&password=password,185990212146293,185990328384977
[POST]http://172.16.192.6:30080/tools.descartes.teastore.webui/loginAction?username=user56&password=password,185990366226392,185990479862828
[POST]http://172.16.192.6:30080/tools.descartes.teastore.webui/loginAction?username=user37&password=password,185990520433081,185990633585411
[POST]http://172.16.192.6:30080/tools.descartes.teastore.webui/loginAction?username=user60&password=password,185990520544183,185990635087136
[POST]http://172.16.192.6:30080/tools.descartes.teastore.webui/loginAction?username=user65&password=password,185990520483013,185990635454997
[POST]http://172.16.192.6:30080/tools.descartes.teastore.webui/loginAction?username=user72&password=password,185990689948797,185990799031824
[POST]http://172.16.192.6:30080/tools.descartes.teastore.webui/loginAction?username=user81&password=password,185990806450652,185990917011229
[POST]http://172.16.192.6:30080/tools.descartes.teastore.webui/loginAction?username=user78&password=password,185990944512553,185991053944389
[POST]http://172.16.192.6:30080/tools.descartes.teastore.webui/loginAction?username=user33&password=password,185991076564660,185991191779121
[POST]http://172.16.192.6:30080/tools.descartes.teastore.webui/loginAction?username=user17&password=password,185991096694775,185991211935707
[POST]http://172.16.192.6:30080/tools.descartes.teastore.webui/loginAction?username=user39&password=password,185991269823362,185991380370259
[POST]http://172.16.192.6:30080/tools.descartes.teastore.webui/loginAction?username=user84&password=password,185991312935379,185991424611248
[POST]http://172.16.192.6:30080/tools.descartes.teastore.webui/loginAction?username=user75&password=password,185991338122079,185991446482378
[POST]http://172.16.192.6:30080/tools.descartes.teastore.webui/loginAction?username=user55&password=password,185991506299771,185991617222858
[POST]http://172.16.192.6:30080/tools.descartes.teastore.webui/loginAction?username=user62&password=password,185991644414631,185991759991961
