timestamp,nb_calls
471600,2959
471601,2306
471602,2720
471603,2931
471604,1861
471605,3072
471606,3042
471607,3232
471608,2364
471609,2252
471610,2437
471611,2619
471612,2645
471613,2444
471614,2696
471615,2089
471616,2303
471617,2483
471618,1984
471619,2180
471620,2362
471621,2556
471622,2873
471623,2278
471624,2244
471625,2208
471626,2662
471627,2419
471628,2500
471629,2309
471630,2692
471631,2476
471632,2715
471633,2488
471634,3279
471635,2949
471636,2924
471637,3170
471638,3090
471639,2651
471640,2330
471641,2161
471642,2111
471643,2500
471644,3252
471645,2813
471646,2135
471647,2403
471648,2366
471649,2761
471650,2334
471651,2495
471652,2499
471653,2469
471654,2578
471655,2495
471656,2279
471657,2148
471658,2635
471659,2426
471660,1846
471661,1825
471662,2265
471663,2431
471664,2218
471665,2325
471666,2399
471667,3187
471668,2635
471669,2686
471670,2108
471671,2130
471672,2271
471673,1778
471674,1951
471675,2107
471676,2004
471677,1877
471678,1995
471679,2011
471680,2350
471681,2354
471682,2085
471683,1981
471684,1815
471685,2072
471686,1836
471687,2286
471688,2386
471689,1781
471690,2354
471691,3203
471692,2255
471693,1867
471694,2293
471695,2116
471696,1919
471697,2063
471698,2024
471699,2322
471700,2458
471701,2092
471702,1943
471703,1650
471704,1779
471705,2015
471706,1854
471707,1941
471708,1957
471709,1977
471710,2430
471711,2732
471712,2071
471713,2212
471714,1925
471715,2219
471716,3120
471717,2144
471718,1757
471719,2105
471720,2733
471721,2228
471722,2416
471723,2193
471724,2094
471725,2727
471726,1943
471727,2460
471728,2827
471729,2157
471730,2205
471731,2102
471732,2215
471733,1601
471734,1934
471735,2246
471736,2426
471737,2303
471738,2195
471739,2165
471740,2366
471741,2208
471742,2194
471743,2520
471744,2399
471745,2026
471746,1823
471747,1838
471748,1822
471749,1890
471750,2150
471751,1886
471752,1868
471753,2156
471754,2390
471755,2721
471756,2885
471757,2229
471758,2796
471759,2029
471760,2202
471761,2382
471762,2409
471763,2035
471764,1594
471765,1967
471766,1541
471767,2002
471768,2071
471769,2641
471770,2145
471771,1764
471772,1933
471773,2526
471774,2227
471775,1776
471776,2204
471777,1717
471778,1797
471779,2006
471780,1900
471781,2070
471782,2291
471783,2844
471784,2233
471785,1695
471786,2472
471787,1952
471788,2127
471789,1955
471790,2168
471791,1850
471792,2194
471793,1943
471794,2161
471795,1948
471796,1855
471797,2064
471798,1957
471799,2148
471800,2374
471801,2383
471802,2224
471803,1674
471804,2016
471805,1933
471806,1688
471807,2774
471808,2234
471809,2067
471810,2536
471811,1858
471812,2016
471813,1812
471814,1907
471815,1908
471816,1960
471817,1943
471818,1789
471819,2069
471820,2097
471821,1990
471822,2085
471823,2046
471824,2325
471825,1696
471826,1867
471827,1783
471828,2162
471829,1762
471830,1994
471831,2589
471832,1949
471833,2288
471834,2378
471835,2266
471836,2377
471837,1843
471838,2256
471839,2304
471840,1697
471841,2385
471842,2093
471843,2079
471844,2444
471845,2163
471846,2046
471847,2081
471848,2139
471849,1897
471850,2280
471851,2089
471852,2197
471853,2525
471854,2377
471855,1973
471856,1835
471857,2011
471858,1834
471859,2119
471860,2069
471861,2123
471862,2837
471863,2846
471864,1959
471865,1833
471866,2204
471867,2120
471868,1889
471869,1728
471870,1725
471871,1498
471872,1923
471873,1890
471874,1626
471875,1718
471876,1780
471877,1670
471878,1861
471879,1870
471880,1465
471881,1957
471882,1978
471883,2099
471884,1734
471885,1845
471886,2251
471887,2131
471888,1974
471889,2006
471890,2699
471891,2371
471892,2137
471893,2068
471894,1486
471895,1965
471896,2212
471897,1990
471898,1974
471899,1838
471900,2147
471901,2164
471902,2401
471903,2063
471904,2118
471905,2294
471906,1971
471907,1819
471908,1689
471909,2040
471910,2021
471911,2151
471912,1742
471913,1756
471914,2192
471915,2314
471916,2489
471917,2380
471918,2403
471919,1843
471920,2388
471921,2020
471922,1649
471923,1756
471924,1815
471925,1896
471926,1786
471927,2026
471928,2425
471929,2061
471930,1953
471931,1777
471932,1863
471933,2028
471934,1904
471935,1716
471936,1956
471937,2361
471938,2003
471939,1989
471940,2237
471941,1922
471942,2735
471943,1921
471944,1906
471945,2199
471946,1870
471947,1701
471948,1554
471949,1821
471950,2125
471951,2143
471952,2264
471953,2041
471954,2181
471955,1736
471956,1726
471957,1973
471958,1797
471959,1989
471960,2037
471961,2247
471962,2212
471963,2238
471964,2362
471965,2318
471966,2061
471967,1973
471968,2166
471969,2281
471970,2371
471971,2287
471972,2149
471973,2155
471974,1920
471975,2277
471976,1874
471977,2102
471978,1849
471979,1680
471980,2298
471981,2036
471982,2186
471983,1878
471984,2344
471985,2582
471986,2351
471987,2490
471988,1935
471989,2246
471990,2122
471991,2278
471992,2095
471993,2051
471994,1824
471995,2046
471996,2134
471997,1734
471998,1964
471999,2498
472000,2197
472001,1923
472002,1992
472003,1800
472004,1807
472005,2031
472006,2303
472007,1768
472008,2736
472009,2044
472010,1806
472011,1867
472012,2096
472013,2316
472014,2470
472015,2722
472016,2092
472017,2432
472018,2058
472019,2587
472020,2954
472021,2913
472022,3090
472023,3612
472024,3139
472025,2676
472026,2468
472027,2490
472028,2127
472029,2138
472030,2348
472031,2249
472032,2647
472033,2489
472034,2394
472035,2352
472036,2399
472037,2526
472038,2628
472039,2467
472040,2192
472041,2669
472042,2321
472043,2218
472044,2409
472045,2638
472046,2320
472047,2452
472048,2643
472049,2850
472050,2644
472051,3192
472052,3055
472053,2915
472054,2897
472055,2650
472056,3062
472057,3074
472058,2428
472059,2515
472060,2893
472061,2451
472062,2626
472063,2253
472064,2257
472065,2929
472066,2373
472067,1908
472068,1666
472069,2255
472070,1777
472071,1755
472072,2232
472073,2087
472074,2251
472075,2507
472076,2308
472077,2369
472078,2061
472079,2233
472080,1946
472081,2767
472082,2272
472083,2184
472084,2264
472085,1957
472086,2247
472087,2450
472088,2924
472089,2310
472090,2064
472091,2218
472092,2185
472093,2207
472094,2271
472095,2405
472096,2228
472097,2636
472098,2179
472099,2103
472100,2158
472101,2313
472102,1863
472103,2909
472104,3152
472105,2274
472106,1839
472107,2122
472108,2376
472109,2125
472110,2147
472111,2332
472112,2442
472113,2614
472114,2014
472115,1966
472116,1907
472117,2209
472118,1889
472119,2151
472120,2099
472121,2039
472122,2066
472123,2300
472124,2587
472125,2474
472126,2172
472127,2371
472128,1789
472129,2208
472130,1916
472131,2996
472132,2165
472133,2021
472134,2139
472135,1870
472136,1799
472137,1847
472138,1934
472139,1868
472140,1529
472141,2125
472142,2056
472143,2382
472144,1912
472145,1656
472146,2790
472147,2085
472148,1715
472149,1803
472150,2107
472151,1953
472152,1918
472153,2468
472154,1747
472155,2213
472156,2192
472157,1981
472158,1644
472159,1621
472160,1846
472161,2190
472162,2161
472163,2227
472164,2129
472165,2241
472166,1931
472167,2248
472168,2082
472169,2023
472170,2005
472171,1751
472172,1813
472173,1902
472174,1789
472175,2638
472176,2171
472177,2029
472178,1794
472179,2273
472180,2037
472181,2374
472182,2640
472183,2531
472184,2482
472185,3887
472186,3282
472187,3472
472188,3485
472189,2631
472190,1892
472191,1993
472192,2059
472193,2028
472194,1696
472195,1770
472196,1849
472197,1775
472198,1692
472199,1762
472200,1991
472201,2150
472202,2114
472203,3072
472204,3610
472205,3008
472206,2723
472207,2937
472208,2580
472209,2008
472210,1824
472211,1987
472212,1943
472213,2282
472214,1833
472215,2243
472216,2145
472217,1869
472218,2345
472219,1982
472220,1896
472221,2389
472222,1978
472223,1713
472224,1880
472225,2187
472226,1890
472227,1850
472228,1824
472229,1857
472230,1759
472231,2502
472232,2575
472233,2279
472234,2258
472235,1995
472236,1954
472237,2165
472238,2202
472239,2038
472240,2173
472241,2099
472242,2031
472243,1827
472244,1884
472245,2300
472246,2069
472247,2678
472248,1638
472249,2024
472250,1936
472251,2446
472252,2117
472253,1984
472254,2196
472255,1747
472256,1866
472257,1971
472258,1589
472259,1763
472260,1940
472261,2282
472262,1770
472263,1906
472264,2024
472265,2024
472266,2830
472267,2526
472268,2780
472269,2581
472270,2986
472271,1925
472272,2057
472273,1733
472274,2451
472275,2463
472276,1722
472277,1538
472278,1896
472279,1989
472280,2474
472281,2157
472282,2128
472283,2199
472284,2309
472285,2029
472286,2218
472287,2380
472288,1937
472289,2085
472290,2458
472291,2047
472292,2158
472293,2120
472294,2157
472295,2048
472296,2254
472297,2338
472298,2004
472299,2321
472300,2332
472301,2511
472302,2457
472303,2161
472304,2501
472305,2554
472306,2774
472307,2337
472308,3549
472309,2745
472310,2759
472311,2061
472312,1994
472313,2458
472314,2199
472315,2236
472316,2237
472317,2859
472318,3160
472319,1918
472320,2195
472321,2591
472322,3994
472323,2583
472324,2928
472325,2772
472326,2885
472327,2404
472328,2346
472329,2214
472330,2339
472331,2628
472332,2860
472333,2517
472334,2369
472335,2194
472336,1904
472337,2151
472338,1994
472339,2359
472340,2149
472341,2328
472342,2482
472343,2000
472344,1931
472345,2157
472346,1947
472347,2465
472348,2221
472349,2056
472350,2220
472351,1973
472352,2407
472353,2032
472354,1960
472355,2556
472356,2275
472357,1934
472358,1806
472359,1726
472360,1986
472361,2531
472362,1983
472363,2170
472364,2441
472365,2316
472366,2368
472367,1929
472368,1873
472369,1828
472370,2531
472371,1611
472372,2212
472373,2139
472374,2186
472375,1722
472376,1793
472377,1742
472378,1757
472379,1806
472380,2404
472381,2296
472382,2122
472383,2603
472384,2100
472385,2223
472386,1973
472387,1716
472388,1850
472389,1873
472390,1937
472391,2076
472392,1957
472393,1904
472394,2458
472395,1889
472396,1846
472397,1608
472398,1642
472399,1752
472400,2456
472401,2991
472402,2412
472403,1404
472404,2109
472405,2039
472406,2027
472407,1958
472408,2373
472409,2117
472410,2275
472411,1959
472412,2341
472413,1947
472414,1965
472415,1819
472416,2041
472417,1955
472418,2109
472419,1841
472420,2367
472421,2267
472422,1461
472423,2035
472424,2143
472425,2370
472426,2093
472427,2644
472428,1570
472429,1943
472430,2190
472431,1713
472432,1677
472433,2323
472434,2262
472435,2743
472436,3304
472437,2588
472438,2646
472439,1926
472440,2840
472441,3396
472442,2714
472443,2199
472444,2068
472445,2407
472446,2264
472447,2144
472448,2155
472449,1985
472450,2526
472451,2395
472452,2064
472453,1860
472454,2259
472455,2264
472456,1947
472457,1847
472458,2220
472459,1963
472460,2367
472461,2194
472462,2085
472463,2316
472464,1972
472465,2137
472466,2306
472467,2149
472468,2132
472469,2016
472470,2350
472471,2145
472472,2018
472473,1749
472474,1820
472475,1935
472476,2112
472477,1850
472478,2142
472479,1724
472480,2121
472481,2137
472482,2018
472483,1963
472484,2306
472485,1847
472486,2619
472487,3207
472488,2412
472489,1968
472490,2154
472491,2109
472492,1934
472493,1767
472494,1804
472495,1508
472496,2321
472497,2275
472498,1916
472499,2178
472500,2216
472501,2014
472502,2440
472503,2765
472504,2120
472505,2214
472506,2169
472507,1897
472508,1727
472509,2063
472510,2186
472511,2167
472512,1793
472513,1764
472514,1913
472515,1880
472516,2377
472517,1973
472518,1838
472519,1796
472520,1692
472521,2025
472522,1935
472523,1825
472524,1756
472525,2330
472526,1964
472527,2120
472528,2048
472529,1896
472530,1803
472531,1978
472532,2357
472533,2234
472534,2195
472535,2077
472536,2442
472537,2455
472538,1719
472539,2328
472540,2046
472541,2135
472542,1739
472543,1896
472544,2042
472545,1853
472546,2461
472547,1975
472548,2136
472549,1721
472550,2054
472551,1881
472552,1897
472553,2625
472554,1988
472555,1993
472556,2071
472557,1848
472558,1827
472559,1817
472560,2256
472561,2131
472562,2224
472563,2265
472564,2550
472565,2587
472566,2466
472567,2109
472568,2015
472569,1521
472570,1899
472571,2399
472572,2355
472573,2180
472574,2058
472575,1779
472576,2164
472577,2520
472578,2517
472579,2267
472580,2035
472581,1999
472582,2007
472583,2348
472584,1991
472585,1709
472586,1774
472587,1662
472588,1994
472589,2057
472590,1788
472591,2032
472592,2380
472593,2219
472594,2103
472595,1994
472596,2459
472597,2048
472598,2302
472599,1991
472600,1786
472601,1906
472602,1912
472603,1809
472604,1668
472605,1970
472606,1847
472607,2075
472608,1949
472609,1734
472610,1877
472611,1588
472612,1949
472613,1855
472614,1882
472615,1724
472616,2174
472617,3515
472618,1805
472619,1765
472620,2396
472621,2920
472622,2527
472623,1784
472624,2209
472625,2940
472626,2444
472627,2181
472628,1876
472629,2072
472630,2098
472631,2391
472632,1881
472633,1913
472634,1849
472635,2378
472636,3147
472637,2928
472638,2431
472639,2764
472640,2418
472641,3212
472642,1854
472643,2344
472644,2510
472645,1823
472646,1711
472647,2002
472648,1625
472649,1931
472650,1941
472651,2056
472652,2099
472653,1977
472654,1794
472655,1776
472656,1620
472657,1730
472658,1917
472659,1773
472660,1781
472661,1595
472662,1950
472663,2130
472664,1817
472665,1862
472666,2282
472667,2345
472668,2776
472669,1781
472670,1946
472671,1952
472672,1832
472673,1804
472674,2158
472675,1666
472676,1726
472677,2426
472678,1916
472679,1485
472680,1713
472681,2319
472682,2054
472683,2067
472684,2640
472685,2352
472686,2044
472687,1700
472688,2042
472689,2601
472690,2357
472691,2032
472692,2255
472693,2105
472694,2297
472695,2085
472696,2302
472697,1632
472698,1850
472699,1695
472700,2156
472701,2028
472702,2037
472703,2429
472704,2068
472705,1765
472706,1864
472707,1866
472708,2469
472709,1938
472710,1734
472711,2248
472712,2458
472713,2209
472714,2655
472715,2476
472716,2742
472717,1785
472718,2326
472719,2239
472720,2144
472721,1668
472722,2111
472723,1974
472724,2034
472725,2140
472726,1897
472727,1700
472728,1832
472729,1656
472730,2091
472731,1742
472732,2076
472733,2179
472734,1890
472735,1763
472736,1910
472737,1693
472738,1758
472739,1599
472740,1796
472741,2328
472742,2840
472743,2605
472744,1994
472745,1868
472746,2121
472747,2337
472748,2624
472749,1756
472750,1806
472751,2049
472752,2106
472753,1957
472754,1782
472755,1792
472756,2168
472757,1920
472758,2336
472759,2021
472760,2109
472761,1774
472762,1843
472763,1772
472764,1666
472765,2002
472766,2066
472767,2159
472768,1544
472769,1964
472770,1870
472771,1844
472772,1729
472773,1797
472774,1944
472775,2353
472776,2231
472777,2593
472778,2299
472779,2579
472780,2312
472781,2211
472782,2406
472783,2618
472784,2273
472785,2088
472786,1780
472787,1596
472788,2131
472789,1808
472790,1884
472791,2087
472792,1922
472793,1606
472794,1906
472795,1985
472796,1577
472797,2032
472798,1832
472799,1959
472800,2163
472801,2741
472802,3279
472803,3625
472804,2327
472805,2636
472806,2678
472807,2311
472808,3070
472809,2402
472810,2236
472811,2379
472812,1999
472813,2367
472814,2033
472815,2407
472816,2065
472817,1873
472818,2007
472819,1831
472820,2056
472821,1976
472822,2081
472823,1979
472824,2142
472825,2178
472826,1861
472827,2044
472828,1829
472829,2216
472830,2407
472831,2284
472832,2332
472833,2007
472834,1567
472835,1445
472836,2024
472837,2030
472838,1641
472839,1979
472840,3648
472841,2554
472842,2636
472843,1973
472844,2031
472845,1981
472846,1744
472847,1900
472848,3016
472849,2569
472850,2145
472851,2192
472852,2281
472853,2091
472854,1984
472855,2039
472856,2228
472857,1745
472858,2337
472859,1699
472860,1919
472861,2453
472862,2915
472863,2492
472864,3265
472865,2421
472866,2098
472867,2417
472868,2153
472869,2219
472870,2247
472871,1974
472872,1981
472873,2282
472874,1931
472875,1849
472876,1612
472877,1921
472878,1797
472879,1860
472880,1994
472881,1638
472882,2131
472883,1986
472884,2108
472885,1853
472886,2169
472887,2214
472888,2688
472889,2054
472890,1616
472891,2146
472892,2142
472893,2083
472894,2275
472895,2850
472896,1974
472897,2265
472898,1786
472899,1950
472900,1565
472901,1777
472902,1686
472903,1982
472904,2092
472905,2159
472906,1581
472907,2529
472908,2066
472909,2240
472910,1919
472911,1667
472912,1762
472913,2264
472914,2120
472915,1851
472916,2169
472917,2397
472918,2022
472919,1810
472920,1708
472921,2314
472922,2269
472923,1884
472924,2027
472925,2056
472926,2236
472927,2327
472928,2332
472929,2453
472930,1708
472931,2607
472932,2715
472933,2480
472934,1793
472935,1974
472936,2299
472937,2295
472938,1614
472939,2318
472940,2001
472941,1906
472942,1953
472943,1781
472944,1937
472945,2400
472946,2584
472947,2592
472948,2409
472949,2043
472950,1994
472951,1816
472952,2069
472953,2246
472954,2033
472955,2820
472956,2188
472957,2316
472958,2512
472959,1994
472960,2093
472961,1930
472962,2143
472963,2117
472964,2129
472965,1931
472966,1963
472967,2043
472968,1943
472969,1814
472970,2351
472971,2229
472972,2435
472973,1905
472974,1831
472975,1688
472976,1927
472977,1647
472978,2209
472979,1807
472980,1902
472981,2973
472982,2389
472983,1892
472984,2467
472985,2403
472986,1910
472987,1949
472988,2722
472989,2116
472990,2080
472991,1872
472992,1878
472993,1539
472994,1707
472995,1887
472996,2057
472997,2434
472998,1884
472999,2271
473000,2839
473001,1929
473002,1811
473003,1908
473004,2403
473005,2017
473006,2346
473007,2848
473008,2062
473009,1959
473010,1956
473011,1900
473012,2429
473013,1952
473014,1862
473015,1865
473016,1738
473017,1829
473018,1360
473019,1768
473020,1849
473021,2393
473022,1981
473023,2045
473024,2017
473025,1795
473026,2233
473027,1771
473028,1633
473029,2021
473030,1895
473031,2234
473032,2068
473033,1973
473034,2376
473035,2012
473036,2191
473037,2093
473038,2014
473039,1768
473040,1726
473041,2291
473042,2538
473043,2342
473044,2438
473045,2270
473046,2662
473047,2712
473048,2483
473049,2169
473050,2650
473051,2162
473052,2198
473053,2179
473054,2390
473055,2368
473056,2274
473057,2152
473058,2173
473059,2387
473060,2348
473061,2307
473062,2028
473063,2141
473064,2029
473065,1980
473066,2791
473067,1960
473068,2004
473069,2471
473070,2018
473071,1942
473072,2942
473073,2845
473074,2922
473075,1702
473076,1887
473077,1687
473078,2029
473079,1820
473080,1697
473081,1959
473082,1949
473083,1840
473084,1814
473085,1801
473086,1776
473087,1897
473088,2380
473089,1706
473090,1698
473091,1607
473092,2003
473093,1888
473094,1797
473095,1979
473096,1886
473097,2435
473098,1743
473099,2093
473100,2592
473101,1795
473102,2523
473103,2515
473104,2535
473105,2391
473106,2188
473107,2078
473108,1824
473109,1821
473110,2367
473111,2081
473112,2234
473113,1940
473114,2183
473115,2353
473116,2487
473117,2782
473118,2065
473119,2228
473120,1873
473121,1836
473122,2099
473123,2243
473124,2073
473125,1973
473126,1603
473127,1651
473128,1799
473129,2283
473130,2451
473131,2159
473132,2008
473133,2346
473134,2505
473135,2110
473136,1874
473137,1783
473138,1811
473139,1885
473140,2129
473141,2233
473142,2027
473143,2757
473144,1951
473145,2511
473146,1734
473147,1907
473148,1803
473149,1963
473150,2969
473151,2717
473152,3225
473153,2769
473154,2564
473155,1956
473156,2051
473157,2034
473158,1866
473159,1917
473160,1811
473161,1796
473162,2054
473163,2657
473164,1908
473165,2796
473166,2487
473167,2081
473168,2442
473169,2281
473170,2091
473171,2139
473172,2098
473173,1579
473174,1821
473175,1800
473176,2177
473177,1878
473178,1773
473179,1829
473180,2068
473181,1781
473182,2773
473183,2066
473184,1796
473185,1893
473186,2171
473187,1851
473188,1738
473189,1874
473190,2053
473191,1683
473192,2567
473193,1923
473194,1903
473195,1905
473196,1968
473197,1865
473198,2704
473199,2111
473200,2089
473201,2086
473202,1847
473203,1787
473204,1860
473205,1962
473206,1990
473207,2266
473208,2117
473209,1902
473210,1729
473211,1985
473212,1983
473213,1690
473214,2143
473215,2097
473216,2005
473217,2185
473218,1856
473219,1839
473220,1964
473221,2755
473222,2023
473223,2909
473224,2544
473225,2677
473226,3090
473227,3826
473228,3289
473229,2560
473230,2838
473231,2852
473232,2841
473233,2433
473234,2292
473235,2620
473236,3235
473237,3148
473238,2652
473239,2597
473240,2502
473241,2306
473242,2557
473243,3226
473244,2798
473245,2436
473246,2342
473247,2350
473248,2302
473249,2612
473250,2521
473251,2570
473252,2551
473253,2520
473254,2636
473255,2830
473256,2646
473257,2365
473258,2760
473259,1954
473260,1933
473261,1696
473262,1991
473263,2083
473264,1744
473265,1546
473266,1929
473267,1753
473268,1855
473269,1891
473270,1883
473271,1832
473272,1914
473273,2198
473274,3029
473275,2610
473276,1650
473277,1613
473278,1663
473279,1714
473280,1786
473281,2931
473282,2734
473283,2731
473284,1944
473285,2253
473286,2299
473287,2239
473288,1920
473289,2061
473290,2269
473291,2239
473292,2583
473293,2243
473294,1608
473295,1657
473296,2190
473297,1955
473298,1975
473299,1905
473300,1804
473301,2184
473302,1920
473303,1735
473304,1874
473305,2273
473306,1858
473307,1909
473308,1753
473309,1924
473310,1764
473311,2283
473312,1759
473313,2241
473314,1846
473315,1810
473316,1699
473317,1598
473318,1851
473319,1532
473320,1858
473321,1964
473322,1995
473323,2110
473324,2220
473325,1875
473326,1917
473327,2166
473328,2373
473329,1705
473330,2654
473331,2740
473332,2071
473333,2337
473334,2882
473335,1869
473336,1737
473337,1822
473338,1669
473339,3123
473340,2473
473341,2074
473342,2267
473343,2162
473344,2087
473345,1789
473346,2087
473347,1700
473348,1970
473349,2092
473350,2279
473351,2382
473352,2007
473353,1952
473354,2239
473355,1959
473356,1991
473357,1583
473358,1505
473359,2159
473360,1791
473361,2126
473362,2027
473363,2143
473364,1996
473365,1866
473366,2300
473367,1719
473368,1956
473369,2167
473370,2091
473371,2169
473372,3158
473373,2504
473374,2663
473375,2367
473376,2019
473377,1786
473378,2213
473379,2141
473380,1557
473381,2086
473382,2191
473383,1781
473384,1666
473385,2084
473386,2137
473387,1619
473388,2049
473389,2197
473390,1531
473391,1745
473392,1840
473393,2080
473394,1945
473395,2130
473396,1874
473397,1764
473398,2031
473399,1636
473400,1983
473401,1688
473402,2654
473403,2963
473404,2590
473405,2757
473406,2796
473407,2495
473408,2489
473409,2204
473410,2295
473411,2391
473412,2311
473413,3179
473414,2159
473415,1955
473416,1915
473417,2285
473418,2164
473419,2292
473420,3567
473421,2906
473422,2413
473423,2780
473424,2151
473425,2567
473426,2636
473427,1992
473428,1774
473429,2279
473430,2207
473431,2202
473432,2698
473433,2386
473434,1904
473435,2849
473436,1982
473437,1740
473438,2344
473439,1813
473440,2438
473441,2328
473442,2063
473443,1881
473444,1849
473445,2270
473446,1751
473447,1835
473448,1947
473449,1753
473450,2006
473451,2045
473452,2070
473453,2142
473454,1700
473455,1717
473456,2205
473457,1766
473458,2154
473459,2247
473460,2600
473461,2397
473462,2306
473463,2279
473464,2472
473465,2167
473466,1758
473467,2290
473468,1863
473469,2005
473470,2302
473471,2319
473472,2034
473473,1901
473474,2227
473475,1880
473476,2134
473477,2317
473478,2269
473479,2365
473480,1886
473481,2339
473482,2197
473483,1967
473484,2088
473485,2381
473486,1888
473487,1885
473488,1907
473489,2153
473490,1991
473491,2335
473492,1819
473493,2142
473494,1802
473495,2320
473496,1847
473497,2306
473498,2238
473499,1904
473500,2372
473501,1905
473502,2377
473503,2311
473504,2710
473505,2820
473506,2741
473507,2100
473508,1898
473509,2374
473510,1927
473511,2081
473512,1779
473513,1998
473514,1893
473515,1779
473516,1857
473517,2031
473518,2099
473519,1675
473520,2410
473521,2038
473522,2396
473523,2865
473524,1807
473525,2264
473526,1952
473527,1889
473528,2368
473529,2372
473530,2733
473531,2390
473532,2506
473533,2368
473534,2498
473535,2834
473536,2099
473537,2159
473538,2049
473539,2551
473540,1827
473541,2223
473542,1915
473543,2363
473544,2440
473545,1693
473546,2256
473547,2141
473548,2242
473549,1929
473550,1928
473551,1946
473552,2613
473553,2261
473554,2610
473555,2305
473556,2178
473557,2664
473558,2322
473559,3208
473560,2108
473561,2075
473562,1988
473563,2118
473564,2172
473565,2043
473566,1773
473567,2128
473568,1862
473569,1926
473570,1690
473571,2000
473572,1682
473573,2129
473574,2235
473575,1711
473576,1893
473577,2363
473578,3173
473579,2383
473580,1922
473581,2573
473582,2557
473583,1759
473584,1813
473585,2410
473586,1921
473587,1964
473588,2224
473589,1772
473590,2040
473591,2051
473592,2090
473593,2355
473594,2036
473595,2447
473596,1785
473597,1751
473598,1936
473599,2109
473600,1731
473601,1625
473602,2144
473603,2193
473604,2136
473605,1967
473606,1810
473607,1919
473608,1944
473609,2013
473610,2309
473611,2256
473612,1658
473613,1644
473614,2073
473615,2805
473616,2039
473617,2023
473618,1678
473619,2361
473620,1690
473621,2021
473622,2097
473623,1868
473624,2363
473625,1827
473626,2596
473627,2309
473628,2087
473629,2116
473630,1806
473631,1707
473632,2088
473633,1827
473634,1909
473635,1707
473636,1849
473637,1620
473638,1613
473639,2021
473640,1922
473641,1823
473642,2030
473643,2156
473644,2475
473645,2251
473646,2400
473647,1918
473648,2085
473649,2100
473650,2173
473651,2029
473652,2137
473653,2405
473654,1804
473655,2152
473656,2364
473657,2328
473658,2044
473659,2350
473660,1810
473661,2149
473662,3057
473663,2200
473664,2322
473665,2455
473666,1843
473667,1859
473668,1849
473669,2105
473670,1795
473671,1811
473672,2003
473673,2428
473674,1766
473675,1773
473676,1544
473677,1831
473678,1855
473679,1587
473680,1839
473681,1874
473682,1812
473683,2274
473684,1615
473685,1872
473686,1860
473687,1770
473688,1987
473689,1645
473690,2162
473691,1845
473692,2347
473693,1703
473694,1687
473695,2004
473696,1438
473697,1755
473698,2019
473699,1898
473700,2048
473701,2927
473702,2442
473703,2738
473704,1954
473705,2409
473706,2053
473707,2114
473708,2535
473709,1877
473710,2751
473711,2080
473712,2238
473713,2427
473714,2064
473715,1749
473716,2454
473717,1837
473718,1924
473719,1867
473720,1874
473721,1984
473722,1687
473723,2242
473724,2151
473725,1814
473726,1783
473727,1996
473728,2590
473729,2650
473730,2964
473731,1764
473732,2587
473733,1922
473734,2187
473735,2084
473736,1979
473737,1532
473738,2200
473739,1937
473740,1859
473741,1778
473742,1869
473743,2028
473744,1563
473745,1942
473746,2056
473747,1770
473748,1913
473749,2501
473750,2685
473751,2229
473752,2335
473753,2014
473754,1755
473755,2229
473756,1732
473757,2797
473758,2517
473759,1970
473760,1926
473761,2580
473762,2814
473763,2871
473764,2392
473765,2162
473766,2115
473767,2497
473768,1998
473769,2618
473770,2055
473771,2318
473772,1780
473773,1670
473774,2062
473775,2070
473776,1710
473777,1897
473778,2125
473779,2194
473780,2122
473781,1823
473782,1662
473783,2063
473784,1904
473785,1702
473786,2043
473787,2330
473788,2972
473789,2547
473790,2823
473791,3069
473792,2717
473793,1907
473794,2403
473795,1958
473796,1642
473797,1749
473798,1882
473799,1729
473800,2027
473801,2267
473802,2345
473803,2177
473804,1586
473805,1709
473806,2006
473807,1963
473808,1883
473809,2052
473810,1757
473811,2176
473812,2186
473813,1807
473814,2382
473815,2568
473816,2319
473817,2155
473818,2171
473819,1964
473820,2818
473821,2052
473822,2798
473823,1848
473824,2157
473825,2142
473826,1932
473827,1687
473828,2309
473829,2551
473830,2192
473831,2232
473832,2252
473833,2220
473834,1962
473835,2203
473836,2797
473837,2511
473838,2188
473839,2169
473840,1968
473841,3025
473842,3012
473843,1864
473844,1789
473845,1793
473846,1827
473847,2701
473848,1686
473849,2129
473850,2260
473851,1914
473852,1973
473853,1917
473854,1914
473855,1758
473856,2063
473857,1543
473858,1599
473859,1816
473860,1895
473861,2142
473862,2223
473863,2660
473864,2188
473865,1849
473866,1734
473867,2088
473868,2065
473869,1862
473870,2150
473871,2304
473872,2319
473873,2205
473874,1929
473875,2077
473876,1929
473877,1777
473878,2264
473879,2526
473880,2190
473881,2629
473882,3553
473883,2378
473884,2223
473885,2474
473886,2269
473887,2263
473888,1963
473889,1703
473890,2154
473891,2296
473892,2141
473893,1983
473894,1722
473895,2883
473896,2487
473897,3113
473898,2150
473899,1830
473900,1870
473901,2121
473902,2137
473903,1869
473904,1977
473905,1649
473906,2425
473907,1835
473908,2167
473909,1887
473910,1806
473911,2027
473912,2120
473913,1917
473914,1880
473915,1759
473916,1803
473917,1591
473918,2455
473919,2264
473920,2244
473921,2531
473922,2792
473923,1791
473924,1798
473925,1715
473926,1601
473927,2138
473928,1661
473929,1680
473930,1825
473931,1624
473932,1655
473933,1606
473934,2202
473935,2125
473936,1483
473937,1666
473938,2383
473939,1536
473940,1771
473941,1953
473942,1958
473943,2399
473944,1696
473945,2013
473946,1871
473947,1997
473948,2030
473949,1755
473950,1994
473951,2551
473952,1810
473953,1727
473954,2097
473955,2138
473956,2269
473957,2924
473958,2076
473959,1908
473960,1902
473961,1782
473962,1958
473963,2381
473964,1909
473965,1804
473966,1848
473967,1615
473968,2314
473969,1965
473970,1953
473971,1738
473972,2049
473973,1497
473974,1976
473975,1881
473976,1774
473977,1893
473978,2323
473979,1703
473980,1746
473981,2105
473982,2311
473983,1984
473984,1974
473985,1900
473986,1598
473987,1784
473988,1897
473989,1897
473990,2150
473991,2030
473992,1746
473993,2110
473994,2004
473995,1927
473996,2183
473997,2125
473998,1845
473999,2525
474000,2229
474001,2428
474002,2683
474003,2288
474004,2502
474005,2471
474006,2381
474007,2080
474008,2160
474009,2144
474010,1939
474011,2090
474012,2321
474013,2122
474014,1793
474015,2312
474016,2885
474017,2071
474018,2283
474019,2028
474020,2290
474021,2425
474022,2610
474023,2185
474024,1919
474025,2333
474026,2543
474027,2243
474028,2318
474029,1874
474030,2173
474031,2241
474032,2772
474033,2646
474034,2431
474035,2451
474036,2301
474037,2093
474038,2043
474039,2089
474040,2012
474041,1854
474042,1916
474043,1930
474044,1970
474045,1836
474046,2028
474047,2223
474048,2278
474049,1991
474050,2641
474051,2130
474052,1647
474053,2243
474054,2204
474055,2779
474056,1932
474057,2134
474058,1821
474059,1792
474060,1886
474061,2014
474062,2539
474063,2122
474064,1869
474065,2358
474066,2572
474067,1870
474068,2021
474069,1815
474070,1924
474071,3169
474072,2156
474073,1585
474074,2349
474075,1873
474076,2021
474077,2125
474078,2148
474079,1958
474080,1765
474081,2272
474082,2238
474083,1708
474084,1952
474085,2698
474086,1930
474087,1945
474088,1627
474089,1819
474090,2135
474091,1935
474092,2590
474093,2663
474094,3203
474095,2779
474096,2766
474097,2820
474098,2405
474099,2480
474100,2091
474101,1954
474102,1872
474103,1993
474104,2713
474105,2069
474106,1876
474107,1753
474108,1846
474109,1957
474110,2433
474111,2163
474112,1945
474113,1956
474114,1832
474115,2038
474116,1584
474117,2157
474118,1902
474119,1877
474120,2193
474121,2054
474122,2303
474123,2471
474124,2096
474125,2166
474126,2450
474127,2282
474128,2026
474129,3069
474130,2557
474131,2262
474132,2214
474133,2745
474134,2661
474135,2202
474136,1921
474137,2022
474138,2418
474139,1961
474140,1681
474141,1751
474142,2415
474143,1524
474144,1799
474145,3232
474146,2584
474147,1723
474148,1981
474149,2300
474150,1972
474151,2143
474152,2003
474153,2086
474154,1949
474155,1844
474156,2226
474157,2241
474158,2239
474159,2283
474160,2290
474161,2148
474162,2158
474163,2204
474164,2413
474165,2261
474166,2319
474167,2308
474168,1720
474169,2503
474170,2718
474171,2041
474172,1825
474173,2054
474174,2486
474175,2096
474176,2215
474177,1732
474178,2780
474179,2376
474180,2107
474181,3169
474182,2630
474183,2719
474184,2523
474185,2818
474186,3059
474187,2838
474188,2512
474189,2825
474190,3312
474191,3146
474192,3111
474193,3280
474194,2793
474195,2928
474196,3200
474197,3381
474198,2765
474199,2607
474200,2972
474201,2880
474202,3306
474203,2839
474204,2869
474205,3396
474206,2988
474207,2958
474208,2910
474209,2481
474210,3196
474211,3110
474212,2478
474213,2321
474214,4096
474215,2685
474216,2377
474217,2082
474218,2497
474219,2960
474220,2846
474221,2836
474222,2848
474223,2683
474224,2360
474225,2557
474226,2337
474227,2545
474228,2355
474229,2225
474230,2249
474231,2491
474232,2691
474233,2479
474234,2477
474235,3121
474236,2562
474237,2796
474238,2839
474239,2194
474240,2365
474241,3592
474242,2708
474243,2649
474244,2714
474245,3145
474246,2785
474247,2992
474248,2444
474249,2628
474250,2467
474251,2667
474252,2825
474253,4009
474254,2912
474255,2380
474256,2586
474257,2342
474258,2249
474259,1950
474260,3233
474261,3152
474262,2211
474263,2154
474264,2194
474265,1988
474266,1996
474267,1836
474268,1780
474269,2106
474270,2579
474271,2073
474272,1970
474273,1930
474274,1941
474275,2244
474276,1995
474277,2113
474278,1991
474279,1997
474280,2445
474281,1916
474282,1923
474283,1981
474284,1980
474285,2014
474286,2188
474287,2384
474288,1789
474289,1893
474290,1986
474291,1975
474292,1975
474293,1980
474294,1749
474295,1911
474296,2098
474297,2095
474298,2053
474299,2123
474300,2608
474301,2899
474302,2562
474303,2510
474304,2376
474305,2158
474306,2327
474307,2560
474308,1889
474309,2304
474310,2490
474311,1906
474312,2011
474313,2149
474314,2113
474315,2257
474316,2048
474317,2350
474318,2014
474319,2331
474320,2327
474321,2324
474322,2216
474323,2197
474324,1986
474325,2067
474326,2007
474327,2526
474328,2169
474329,2655
474330,2423
474331,2245
474332,2085
474333,2380
474334,2234
474335,2048
474336,2116
474337,1841
474338,2149
474339,2116
474340,1767
474341,2207
474342,1897
474343,2257
474344,2148
474345,1873
474346,1955
474347,1952
474348,2054
474349,2449
474350,1872
474351,1967
474352,2517
474353,2211
474354,2428
474355,1768
474356,2074
474357,2049
474358,1766
474359,2272
474360,2077
474361,3355
474362,3076
474363,2747
474364,2394
474365,2164
474366,3160
474367,3419
474368,2536
474369,2428
474370,2376
474371,2319
474372,2339
474373,2478
474374,2277
474375,2467
474376,2346
474377,2072
474378,2340
474379,1861
474380,2698
474381,2514
474382,1904
474383,2059
474384,2402
474385,2268
474386,2086
474387,2280
474388,2034
474389,2356
474390,2241
474391,1974
474392,2480
474393,2386
474394,2353
474395,2583
474396,2393
474397,2466
474398,2706
474399,2188
474400,3287
474401,3172
474402,3251
474403,3020
474404,2654
474405,2350
474406,1884
474407,2036
474408,2413
474409,2250
474410,2188
474411,2045
474412,2583
474413,2376
474414,2230
474415,2270
474416,2294
474417,2651
474418,2322
474419,1917
474420,2032
474421,2273
474422,2463
474423,2351
474424,1985
474425,1997
474426,2341
474427,2023
474428,2021
474429,2478
474430,2119
474431,2118
474432,2190
474433,1914
474434,2044
474435,2112
474436,2334
474437,2397
474438,2409
474439,2244
474440,2719
474441,3057
474442,2373
474443,2518
474444,2397
474445,2632
474446,2898
474447,1975
474448,2576
474449,3204
474450,2552
474451,2175
474452,2388
474453,2113
474454,2380
474455,2098
474456,2211
474457,1973
474458,1999
474459,1911
474460,2245
474461,2361
474462,2366
474463,2200
474464,1846
474465,2368
474466,2516
474467,2231
474468,2243
474469,1959
474470,2058
474471,1900
474472,2499
474473,2152
474474,2183
474475,2238
474476,1750
474477,2614
474478,1829
474479,2060
474480,2018
474481,2314
474482,2617
474483,2603
474484,2650
474485,2731
474486,2712
474487,2703
474488,2604
474489,3108
474490,2746
474491,2465
474492,2414
474493,2410
474494,2363
474495,2165
474496,2154
474497,2539
474498,2344
474499,2319
474500,2733
474501,2745
474502,2386
474503,2418
474504,2427
474505,1998
474506,2609
474507,2020
474508,2295
474509,2071
474510,1863
474511,2132
474512,2265
474513,2267
474514,2643
474515,2278
474516,2295
474517,2069
474518,2121
474519,2644
474520,2058
474521,2874
474522,2429
474523,2384
474524,2215
474525,2737
474526,2563
474527,3237
474528,2188
474529,2218
474530,2501
474531,2949
474532,2218
474533,2232
474534,2234
474535,2291
474536,2186
474537,2421
474538,2609
474539,2758
474540,3492
474541,2517
474542,2779
474543,3126
474544,2405
474545,2234
474546,2105
474547,2438
474548,3135
474549,2707
474550,2631
474551,2317
474552,2377
474553,2761
474554,2175
474555,2391
474556,2709
474557,2864
474558,2223
474559,2571
474560,3256
474561,2822
474562,2547
474563,2978
474564,2455
474565,2193
474566,2438
474567,2261
474568,2230
474569,2347
474570,2571
474571,2943
474572,4041
474573,3632
474574,3524
474575,2619
474576,2189
474577,2470
474578,2785
474579,3717
474580,2138
474581,2667
474582,2499
474583,2542
474584,2712
474585,2436
474586,3428
474587,2453
474588,2610
474589,2513
474590,2358
474591,2311
474592,2369
474593,2218
474594,2737
474595,2426
474596,2516
474597,2913
474598,2307
474599,2350
474600,2706
474601,3133
474602,3100
474603,3971
474604,3066
474605,3522
474606,3278
474607,2646
474608,2356
474609,2431
474610,3203
474611,2364
474612,2668
474613,2388
474614,2364
474615,2651
474616,2582
474617,2583
474618,3336
474619,2214
474620,3261
474621,2542
474622,2876
474623,2685
474624,2933
474625,2504
474626,2539
474627,2647
474628,2874
474629,2507
474630,2563
474631,2626
474632,2922
474633,2822
474634,2687
474635,2602
474636,2400
474637,2973
474638,2726
474639,2975
474640,2723
474641,2465
474642,2735
474643,2852
474644,2888
474645,2724
474646,2460
474647,2662
474648,2551
474649,2809
474650,2822
474651,2887
474652,2612
474653,2580
474654,3288
474655,2472
474656,2752
474657,2523
474658,2512
474659,2321
474660,2636
474661,3010
474662,3484
474663,3016
474664,3157
474665,2694
474666,2556
474667,2731
474668,3117
474669,2723
474670,3034
474671,2481
474672,2674
474673,2496
474674,2536
474675,2955
474676,2708
474677,2860
474678,2272
474679,2590
474680,2672
474681,2435
474682,2543
474683,2831
474684,2697
474685,2366
474686,2432
474687,3209
474688,2533
474689,3285
474690,2665
474691,3142
474692,3026
474693,3002
474694,2734
474695,2370
474696,2748
474697,2533
474698,3052
474699,2635
474700,2249
474701,2347
474702,2600
474703,2588
474704,2496
474705,3283
474706,2959
474707,2406
474708,2410
474709,2599
474710,2522
474711,2573
474712,2364
474713,2618
474714,2742
474715,2491
474716,2582
474717,2998
474718,2770
474719,2523
474720,2536
474721,3323
474722,3702
474723,2992
474724,2804
474725,2899
474726,3207
474727,2413
474728,2351
474729,2510
474730,3262
474731,2880
474732,2259
474733,2450
474734,2937
474735,3458
474736,3687
474737,2305
474738,3018
474739,2667
474740,2524
474741,2849
474742,3081
474743,3145
474744,2787
474745,2502
474746,2601
474747,2619
474748,2862
474749,2853
474750,2857
474751,2752
474752,2940
474753,2830
474754,2553
474755,2526
474756,2981
474757,2691
474758,2880
474759,2563
474760,2495
474761,2905
474762,2640
474763,2594
474764,3477
474765,2495
474766,2347
474767,2654
474768,2622
474769,2671
474770,2543
474771,2363
474772,2883
474773,2564
474774,2408
474775,2392
474776,2200
474777,2452
474778,2687
474779,3019
474780,2758
474781,3420
474782,3774
474783,3582
474784,3058
474785,3776
474786,2934
474787,2834
474788,2528
474789,2579
474790,3227
474791,3487
474792,3535
474793,2880
474794,3497
474795,3338
474796,2789
474797,2697
474798,2743
474799,2518
474800,2297
474801,2219
474802,2467
474803,2775
474804,2333
474805,2715
474806,3232
474807,2902
474808,2824
474809,2715
474810,3513
474811,3141
474812,2661
474813,2886
474814,2590
474815,2750
474816,3229
474817,2749
474818,2623
474819,2616
474820,3003
474821,2616
474822,2809
474823,2768
474824,2936
474825,3168
474826,2800
474827,3064
474828,3178
474829,2722
474830,3420
474831,3062
474832,2908
474833,2727
474834,2586
474835,2619
474836,2799
474837,2481
474838,2212
474839,2608
474840,2542
474841,2973
474842,3132
474843,3004
474844,3123
474845,3292
474846,3117
474847,2852
474848,2752
474849,2651
474850,2754
474851,2739
474852,3041
474853,2354
474854,2357
474855,2526
474856,2239
474857,2310
474858,2461
474859,3018
474860,2623
474861,2208
474862,2381
474863,2354
474864,2528
474865,2548
474866,2511
474867,2930
474868,1966
474869,2259
474870,2761
474871,2439
474872,2355
474873,2111
474874,3341
474875,2242
474876,3180
474877,2723
474878,2427
474879,1865
474880,2468
474881,2638
474882,2550
474883,2236
474884,2175
474885,2799
474886,2716
474887,2291
474888,2606
474889,2272
474890,2254
474891,2348
474892,2383
474893,2657
474894,3004
474895,2474
474896,2342
474897,2486
474898,2064
474899,2371
474900,2419
474901,2814
474902,3446
474903,2582
474904,2638
474905,2484
474906,2747
474907,2484
474908,2854
474909,2777
474910,2541
474911,2684
474912,2562
474913,2586
474914,2051
474915,2296
474916,2423
474917,2621
474918,2280
474919,2335
474920,2358
474921,2555
474922,2310
474923,2436
474924,2364
474925,2404
474926,2316
474927,2519
474928,2425
474929,2295
474930,2462
474931,2177
474932,2641
474933,2150
474934,2230
474935,2448
474936,2503
474937,2330
474938,2425
474939,1971
474940,2416
474941,2127
474942,2334
474943,2130
474944,2178
474945,2075
474946,2154
474947,2053
474948,2705
474949,2083
474950,2463
474951,2111
474952,2521
474953,2213
474954,2085
474955,2172
474956,1986
474957,2442
474958,2056
474959,1987
474960,2329
474961,2338
474962,2755
474963,2383
474964,2250
474965,2596
474966,2607
474967,7709
474968,8778
474969,8291
474970,8448
474971,9354
474972,8898
474973,8954
474974,8637
474975,9423
474976,8363
474977,2324
474978,2407
474979,2389
474980,2434
474981,2814
474982,2208
474983,2199
474984,2031
474985,2158
474986,2058
474987,2115
474988,2353
474989,3167
474990,2200
474991,2411
474992,2704
474993,2432
474994,2339
474995,2093
474996,2581
474997,1796
474998,2063
474999,2297
475000,2212
475001,2532
475002,2735
475003,2507
475004,1805
475005,1847
475006,2439
475007,2334
475008,2627
475009,2450
475010,2428
475011,1979
475012,2681
475013,1941
475014,2104
475015,2145
475016,2389
475017,2845
475018,2154
475019,2192
475020,2400
475021,2793
475022,2689
475023,2434
475024,2154
475025,2072
475026,2378
475027,2222
475028,2287
475029,2074
475030,2098
475031,1921
475032,2162
475033,2041
475034,2363
475035,2515
475036,2207
475037,2463
475038,2426
475039,2370
475040,2099
475041,2075
475042,1789
475043,2487
475044,2352
475045,2323
475046,2628
475047,1930
475048,2081
475049,2378
475050,1816
475051,1915
475052,2684
475053,2292
475054,2027
475055,2398
475056,1952
475057,1958
475058,2178
475059,1788
475060,2022
475061,1933
475062,2216
475063,1728
475064,1571
475065,1844
475066,1819
475067,2173
475068,1959
475069,1916
475070,2146
475071,1820
475072,1838
475073,2287
475074,2315
475075,1889
475076,1978
475077,1797
475078,1587
475079,2238
475080,1775
475081,2692
475082,2481
475083,2090
475084,2164
475085,1765
475086,2144
475087,1930
475088,1978
475089,1947
475090,2224
475091,1982
475092,2183
475093,1969
475094,1911
475095,1836
475096,2220
475097,1712
475098,2029
475099,1874
475100,2329
475101,1897
475102,1793
475103,1517
475104,2380
475105,1954
475106,1834
475107,2134
475108,1743
475109,1578
475110,1870
475111,2173
475112,2161
475113,1914
475114,2025
475115,2130
475116,1960
475117,1946
475118,1935
475119,2076
475120,1825
475121,2939
475122,2481
475123,1961
475124,1816
475125,1848
475126,1580
475127,1863
475128,1833
475129,1531
475130,2060
475131,2217
475132,2108
475133,1780
475134,1772
475135,1813
475136,1902
475137,2040
475138,1993
475139,2294
475140,2394
475141,1875
475142,2089
475143,1999
475144,2107
475145,2040
475146,2017
475147,2037
475148,1771
475149,1847
475150,2836
475151,2488
475152,2054
475153,1978
475154,1832
475155,1922
475156,1805
475157,1731
475158,1489
475159,1832
475160,2302
475161,1737
475162,1905
475163,2078
475164,1863
475165,1689
475166,1829
475167,2152
475168,1875
475169,1723
475170,2218
475171,2687
475172,1725
475173,1365
475174,1587
475175,1836
475176,1673
475177,4193
475178,1826
475179,2109
475180,2104
475181,1846
475182,2032
475183,1988
475184,1700
475185,1836
475186,2042
475187,1696
475188,1669
475189,1465
475190,1587
475191,1800
475192,1418
475193,1906
475194,1828
475195,1843
475196,2024
475197,2047
475198,2222
475199,1355
