Type,Name,Request Count,Failure Count,Median Response Time,Average Response Time,Min Response Time,Max Response Time,Average Content Size,Requests/s,Failures/s,50%,66%,75%,80%,90%,95%,98%,99%,99.9%,99.99%,100%
GET,/,655,0,77,101.32657544272384,66.02609899709933,12788.719013973605,8905.0,2.1784955936463692,0.0,77,79,82,83,88,96,140,250,13000,13000,13000
POST,/cartAction?firstname=User&lastname=User&adress1=Road&adress2=City&cardtype=volvo&cardnumber=314159265359&expirydate=12%2F2050&confirm=Confirm,289,289,31,30.838855724015584,27.71048800786957,38.29542800667696,761.0,0.9611988191813751,0.9611988191813751,31,31,32,32,33,34,36,38,38,38,38
GET,/category?page=1&category=2,84,84,30,30.765068597767304,27.448339998954907,36.89304698491469,759.0,0.2793795875821298,0.2793795875821298,30,31,31,31,33,35,36,37,37,37,37
GET,/category?page=1&category=3,62,62,31,34.84663311082254,27.342910994775593,282.5455359998159,759.0,0.2062087432153815,0.2062087432153815,31,31,32,32,33,34,35,280,280,280,280
GET,/category?page=1&category=4,58,58,30,30.499433158246543,28.014217998133972,37.96975698787719,759.0,0.1929049533305182,0.1929049533305182,30,31,31,31,32,34,35,38,38,38,38
GET,/category?page=1&category=5,75,75,30,33.00346793335242,27.717196993762627,211.43027298967354,759.0,0.2494460603411873,0.2494460603411873,30,31,31,31,34,35,36,210,210,210,210
GET,/category?page=1&category=6,67,67,30,30.828303089730248,27.291986014461145,38.514349987963215,759.0,0.22283848057146066,0.22283848057146066,30,31,32,33,34,35,35,39,39,39,39
GET,/category?page=2&category=2,71,71,30,31.88251574527026,27.849742997204885,101.15866098203696,759.0,0.23614227045632397,0.23614227045632397,30,31,31,32,33,36,38,100,100,100,100
GET,/category?page=2&category=3,79,79,30,30.685490165259452,27.740243007428944,37.999905995093286,759.0,0.26274985022605063,0.26274985022605063,30,31,31,32,33,35,37,38,38,38,38
GET,/category?page=2&category=4,71,71,30,30.64838181779405,27.904870978090912,37.45435399468988,759.0,0.23614227045632397,0.23614227045632397,30,31,31,31,33,34,37,37,37,37,37
GET,/category?page=2&category=5,56,56,30,30.52449519548515,27.99477698863484,34.55338499043137,759.0,0.1862530583880865,0.1862530583880865,30,31,31,32,33,33,34,35,35,35,35
GET,/category?page=2&category=6,59,59,30,30.747763426299603,28.03959700395353,35.54817399708554,759.0,0.196230900801734,0.196230900801734,30,31,31,32,33,33,34,36,36,36,36
GET,/category?page=3&category=2,71,71,31,31.07000090481884,27.562811999814585,39.453627017792314,759.0,0.23614227045632397,0.23614227045632397,31,31,32,32,34,36,36,39,39,39,39
GET,/category?page=3&category=3,65,65,31,35.373015969078274,27.798425988294184,279.65573497931473,759.0,0.21618658562902898,0.21618658562902898,31,31,32,33,34,35,73,280,280,280,280
GET,/category?page=3&category=4,54,54,30,30.14609994392635,27.72594298585318,39.74298798129894,759.0,0.17960116344565485,0.17960116344565485,30,30,30,31,31,32,32,40,40,40,40
GET,/category?page=3&category=5,70,70,30,30.814663598929265,27.67456602305174,38.55235598166473,759.0,0.23281632298510815,0.23281632298510815,30,31,31,32,34,35,36,39,39,39,39
GET,/category?page=3&category=6,62,62,31,31.305063936968274,27.782846998889,49.03547800495289,759.0,0.2062087432153815,0.2062087432153815,31,31,32,33,34,36,40,49,49,49,49
GET,/category?page=4&category=2,60,60,30,30.85965394905846,27.80043298844248,39.11507400334813,759.0,0.19955684827294984,0.19955684827294984,30,31,32,32,33,33,39,39,39,39,39
GET,/category?page=4&category=3,64,64,30,33.33532719807408,29.030345001956448,172.99878201447427,759.0,0.21286063815781317,0.21286063815781317,30,31,32,33,33,36,39,170,170,170,170
GET,/category?page=4&category=4,54,54,30,33.48650825878226,27.404525986639783,172.76900500291958,759.0,0.17960116344565485,0.17960116344565485,31,31,32,33,33,35,38,170,170,170,170
GET,/category?page=4&category=5,75,75,30,30.373130212925997,27.21947801182978,35.363476985367015,759.0,0.2494460603411873,0.2494460603411873,30,31,31,31,32,33,35,35,35,35,35
GET,/category?page=4&category=6,64,64,30,31.10632237576283,27.930787997320294,58.42374000349082,759.0,0.21286063815781317,0.21286063815781317,30,31,31,32,33,34,35,58,58,58,58
GET,/category?page=5&category=2,67,67,30,30.776605373613343,27.909855998586863,36.75332199782133,759.0,0.22283848057146066,0.22283848057146066,30,31,32,32,33,35,35,37,37,37,37
GET,/category?page=5&category=3,53,53,31,36.53894302123314,28.232192009454593,298.39537397492677,759.0,0.17627521597443901,0.17627521597443901,31,31,31,32,32,36,70,300,300,300,300
GET,/category?page=5&category=4,59,59,30,30.656923796938162,27.357183978892863,38.38261097553186,759.0,0.196230900801734,0.196230900801734,30,31,31,32,34,36,37,38,38,38,38
GET,/category?page=5&category=5,56,56,30,30.51119244524411,27.48504700139165,34.50957400491461,759.0,0.1862530583880865,0.1862530583880865,31,31,32,32,33,34,34,35,35,35,35
GET,/category?page=5&category=6,71,71,30,33.315169616786,27.521998999873176,216.54557099100202,759.0,0.23614227045632397,0.23614227045632397,30,31,31,32,33,36,36,220,220,220,220
GET,/login,655,655,30,31.003319374099018,26.626105012837797,211.95106898085214,756.0,2.1784955936463692,2.1784955936463692,30,31,31,31,32,34,36,42,210,210,210
POST,/loginAction?logout=,654,654,30,31.357875295897976,27.069424017099664,214.76262499345466,762.0,2.1751696461751533,2.1751696461751533,30,31,31,31,33,34,36,38,210,210,210
POST,/loginAction?username=1&password=password,4,4,29,29.316765001567546,28.215161990374327,30.68537000217475,762.0,0.013303789884863323,0.013303789884863323,30,30,31,31,31,31,31,31,31,31,31
POST,/loginAction?username=10&password=password,7,7,30,30.176692579906167,28.383498021867126,31.37645701644942,762.0,0.023281632298510813,0.023281632298510813,30,31,31,31,31,31,31,31,31,31,31
POST,/loginAction?username=11&password=password,10,10,31,31.51183660083916,29.646792012499645,34.56038300646469,762.0,0.03325947471215831,0.03325947471215831,31,32,32,33,35,35,35,35,35,35,35
POST,/loginAction?username=12&password=password,6,6,30,30.180006666341797,29.58014898467809,31.88292498816736,762.0,0.019955684827294984,0.019955684827294984,30,30,30,30,32,32,32,32,32,32,32
POST,/loginAction?username=13&password=password,8,8,30,30.05581074830843,27.26902498397976,32.571687013842165,762.0,0.026607579769726646,0.026607579769726646,30,31,31,31,33,33,33,33,33,33,33
POST,/loginAction?username=14&password=password,6,6,30,30.480595329815213,29.433599003823474,32.17501699691638,762.0,0.019955684827294984,0.019955684827294984,31,31,31,31,32,32,32,32,32,32,32
POST,/loginAction?username=15&password=password,10,10,31,31.17495199549012,29.29781799321063,33.641704998444766,762.0,0.03325947471215831,0.03325947471215831,31,32,32,32,34,34,34,34,34,34,34
POST,/loginAction?username=16&password=password,1,1,30.806157999904826,30.806157999904826,30.806157999904826,30.806157999904826,762.0,0.0033259474712158308,0.0033259474712158308,31,31,31,31,31,31,31,31,31,31,31
POST,/loginAction?username=17&password=password,8,8,30,29.764404374873266,28.800441999919713,30.90443799737841,762.0,0.026607579769726646,0.026607579769726646,30,30,30,30,31,31,31,31,31,31,31
POST,/loginAction?username=18&password=password,6,6,30,29.998790172006313,29.287343990290537,30.661971017252654,762.0,0.019955684827294984,0.019955684827294984,30,30,31,31,31,31,31,31,31,31,31
POST,/loginAction?username=19&password=password,4,4,30,30.085417740338016,29.738094977801666,30.442240997217596,762.0,0.013303789884863323,0.013303789884863323,30,30,30,30,30,30,30,30,30,30,30
POST,/loginAction?username=2&password=password,8,8,29,33.28726249674219,27.94146802625619,58.4089070034679,762.0,0.026607579769726646,0.026607579769726646,30,30,33,33,58,58,58,58,58,58,58
POST,/loginAction?username=20&password=password,11,11,30,30.903725091113962,28.360436001094058,35.43790298863314,762.0,0.036585422183374135,0.036585422183374135,30,31,32,32,33,35,35,35,35,35,35
POST,/loginAction?username=21&password=password,5,5,30,29.45859600440599,27.58946199901402,30.107111000688747,762.0,0.016629737356079154,0.016629737356079154,30,30,30,30,30,30,30,30,30,30,30
POST,/loginAction?username=22&password=password,4,4,30,31.307387245760765,28.96779400180094,35.163144988473505,762.0,0.013303789884863323,0.013303789884863323,31,31,35,35,35,35,35,35,35,35,35
POST,/loginAction?username=23&password=password,8,8,30,30.722972376679536,29.338137013837695,34.02566400473006,762.0,0.026607579769726646,0.026607579769726646,31,31,31,31,34,34,34,34,34,34,34
POST,/loginAction?username=24&password=password,10,10,30,30.116222394281067,27.837656991323456,31.360178982140496,762.0,0.03325947471215831,0.03325947471215831,30,31,31,31,31,31,31,31,31,31,31
POST,/loginAction?username=25&password=password,6,6,30,30.49507950102755,29.662518994882703,31.29851000267081,762.0,0.019955684827294984,0.019955684827294984,31,31,31,31,31,31,31,31,31,31,31
POST,/loginAction?username=26&password=password,8,8,31,31.988101880415343,29.384349996689707,37.881269003264606,762.0,0.026607579769726646,0.026607579769726646,31,31,34,34,38,38,38,38,38,38,38
POST,/loginAction?username=27&password=password,5,5,30.1997970091179,30.714930006070063,30.1997970091179,31.86026800540276,762.0,0.016629737356079154,0.016629737356079154,30,31,31,32,32,32,32,32,32,32,32
POST,/loginAction?username=28&password=password,11,11,31,30.962968911890957,28.415334003511816,35.303037002449855,762.0,0.036585422183374135,0.036585422183374135,31,31,32,32,33,35,35,35,35,35,35
POST,/loginAction?username=29&password=password,9,9,30.947763996664435,30.229063226013547,28.363521007122472,30.947763996664435,762.0,0.029933527240942476,0.029933527240942476,31,31,31,31,31,31,31,31,31,31,31
POST,/loginAction?username=3&password=password,6,6,31,31.898338832737256,28.39145198231563,35.96042102435604,762.0,0.019955684827294984,0.019955684827294984,32,32,34,34,36,36,36,36,36,36,36
POST,/loginAction?username=30&password=password,5,5,32,31.85704600182362,30.262774002039805,34.69920300995,762.0,0.016629737356079154,0.016629737356079154,32,32,32,35,35,35,35,35,35,35,35
POST,/loginAction?username=31&password=password,4,4,30,29.902147500251886,28.255812998395413,31.057773012435064,762.0,0.013303789884863323,0.013303789884863323,30,30,31,31,31,31,31,31,31,31,31
POST,/loginAction?username=32&password=password,4,4,32,31.006142744445242,27.992485993308946,32.26557400193997,762.0,0.013303789884863323,0.013303789884863323,32,32,32,32,32,32,32,32,32,32,32
POST,/loginAction?username=33&password=password,6,6,30,31.522252325279016,28.775737999239936,38.51600500638597,762.0,0.019955684827294984,0.019955684827294984,30,30,31,31,39,39,39,39,39,39,39
POST,/loginAction?username=34&password=password,3,3,30.37627600133419,32.358035328797996,30.37627600133419,36.270306998630986,762.0,0.009977842413647492,0.009977842413647492,30,30,36,36,36,36,36,36,36,36,36
POST,/loginAction?username=35&password=password,3,3,31,31.153621326666325,29.977024998515844,32.88608498405665,762.0,0.009977842413647492,0.009977842413647492,31,31,33,33,33,33,33,33,33,33,33
POST,/loginAction?username=36&password=password,7,7,30,30.237220290083705,29.640743014169857,30.778132990235463,762.0,0.023281632298510813,0.023281632298510813,30,30,31,31,31,31,31,31,31,31,31
POST,/loginAction?username=37&password=password,8,8,31,31.154277497989824,29.56738500506617,32.71332097938284,762.0,0.026607579769726646,0.026607579769726646,32,32,32,32,33,33,33,33,33,33,33
POST,/loginAction?username=38&password=password,3,3,29.1138949978631,29.450994334183633,29.1138949978631,30.09934999863617,762.0,0.009977842413647492,0.009977842413647492,29,29,30,30,30,30,30,30,30,30,30
POST,/loginAction?username=39&password=password,8,8,30,30.11073424568167,28.79517897963524,31.279666000045836,762.0,0.026607579769726646,0.026607579769726646,30,31,31,31,31,31,31,31,31,31,31
POST,/loginAction?username=4&password=password,10,10,30,31.58285180979874,27.257018024101853,41.03396399295889,762.0,0.03325947471215831,0.03325947471215831,31,32,34,35,41,41,41,41,41,41,41
POST,/loginAction?username=40&password=password,8,8,30,30.879823618306546,29.121267987648025,34.83891798532568,762.0,0.026607579769726646,0.026607579769726646,31,31,32,32,35,35,35,35,35,35,35
POST,/loginAction?username=41&password=password,8,8,31,30.852417505229823,29.99528800137341,32.63795099337585,762.0,0.026607579769726646,0.026607579769726646,31,31,32,32,33,33,33,33,33,33,33
POST,/loginAction?username=42&password=password,9,9,30,30.14148500450473,29.119226994225755,31.777519005117938,762.0,0.029933527240942476,0.029933527240942476,30,30,31,31,32,32,32,32,32,32,32
POST,/loginAction?username=43&password=password,9,9,31,31.504989336503463,29.768740001600236,37.163805012824014,762.0,0.029933527240942476,0.029933527240942476,31,31,32,32,37,37,37,37,37,37,37
POST,/loginAction?username=44&password=password,10,10,30,31.234745000256225,28.997760004131123,35.505577019648626,762.0,0.03325947471215831,0.03325947471215831,30,31,31,35,36,36,36,36,36,36,36
POST,/loginAction?username=45&password=password,6,6,30,31.424857836100273,29.463268991094083,34.551543998532,762.0,0.019955684827294984,0.019955684827294984,32,32,33,33,35,35,35,35,35,35,35
POST,/loginAction?username=46&password=password,9,9,30,29.52531744247406,28.102240001317114,30.499476997647434,762.0,0.029933527240942476,0.029933527240942476,30,30,30,30,30,30,30,30,30,30,30
POST,/loginAction?username=47&password=password,6,6,31,31.02389049793904,27.994122996460646,36.87956198700704,762.0,0.019955684827294984,0.019955684827294984,31,31,32,32,37,37,37,37,37,37,37
POST,/loginAction?username=48&password=password,10,10,30,31.07411229866557,28.22600200306624,37.23145698313601,762.0,0.03325947471215831,0.03325947471215831,30,31,32,33,37,37,37,37,37,37,37
POST,/loginAction?username=49&password=password,4,4,30,30.365226011781488,29.996734025189653,30.983722012024373,762.0,0.013303789884863323,0.013303789884863323,30,30,31,31,31,31,31,31,31,31,31
POST,/loginAction?username=5&password=password,4,4,30,30.711913503182586,28.92702500685118,32.18759302399121,762.0,0.013303789884863323,0.013303789884863323,31,31,32,32,32,32,32,32,32,32,32
POST,/loginAction?username=50&password=password,5,5,36,46.84402500279248,30.30043499893509,98.92980800941586,762.0,0.016629737356079154,0.016629737356079154,36,37,37,99,99,99,99,99,99,99,99
POST,/loginAction?username=51&password=password,9,9,31,31.726503440748072,29.157871002098545,41.00464298971929,762.0,0.029933527240942476,0.029933527240942476,31,31,31,32,41,41,41,41,41,41,41
POST,/loginAction?username=52&password=password,4,4,31,30.782060493947938,29.49155800160952,32.19746900140308,762.0,0.013303789884863323,0.013303789884863323,31,31,32,32,32,32,32,32,32,32,32
POST,/loginAction?username=53&password=password,13,13,31,30.60406499963182,28.223146975506097,34.608480986207724,762.0,0.0432373171258058,0.0432373171258058,31,31,31,31,31,35,35,35,35,35,35
POST,/loginAction?username=54&password=password,6,6,30,30.869501667136017,29.11662802216597,34.26930299610831,762.0,0.019955684827294984,0.019955684827294984,30,30,33,33,34,34,34,34,34,34,34
POST,/loginAction?username=55&password=password,8,8,30,30.297628494736273,29.342987982090563,31.068768992554396,762.0,0.026607579769726646,0.026607579769726646,30,31,31,31,31,31,31,31,31,31,31
POST,/loginAction?username=56&password=password,6,6,31,31.628167164550785,30.295176984509453,35.606446996098384,762.0,0.019955684827294984,0.019955684827294984,31,31,32,32,36,36,36,36,36,36,36
POST,/loginAction?username=57&password=password,6,6,30,29.749226169466663,27.465368999401107,30.8374940068461,762.0,0.019955684827294984,0.019955684827294984,30,30,30,30,31,31,31,31,31,31,31
POST,/loginAction?username=58&password=password,3,3,31,32.112662331201136,30.201918008970097,35.49071398447268,762.0,0.009977842413647492,0.009977842413647492,31,31,35,35,35,35,35,35,35,35,35
POST,/loginAction?username=59&password=password,4,4,31,30.86658900429029,30.166470009135082,31.55367702129297,762.0,0.013303789884863323,0.013303789884863323,31,31,32,32,32,32,32,32,32,32,32
POST,/loginAction?username=6&password=password,10,10,30,30.21862069144845,28.259150014491752,31.478449993301183,762.0,0.03325947471215831,0.03325947471215831,31,31,31,31,31,31,31,31,31,31,31
POST,/loginAction?username=60&password=password,9,9,30,30.254242113894886,29.306151001947,32.46208498603664,762.0,0.029933527240942476,0.029933527240942476,30,30,30,31,32,32,32,32,32,32,32
POST,/loginAction?username=61&password=password,6,6,30,30.55273200152442,27.859371999511495,33.049631980247796,762.0,0.019955684827294984,0.019955684827294984,32,32,32,32,33,33,33,33,33,33,33
POST,/loginAction?username=62&password=password,9,9,31,30.750617779429174,29.509257001336664,33.11464100261219,762.0,0.029933527240942476,0.029933527240942476,31,31,31,31,33,33,33,33,33,33,33
POST,/loginAction?username=63&password=password,4,4,30,29.595217762107495,28.315818024566397,30.185084993718192,762.0,0.013303789884863323,0.013303789884863323,30,30,30,30,30,30,30,30,30,30,30
POST,/loginAction?username=64&password=password,6,6,30,30.87616716705573,29.29048999794759,35.16614899854176,762.0,0.019955684827294984,0.019955684827294984,30,30,31,31,35,35,35,35,35,35,35
POST,/loginAction?username=65&password=password,5,5,31,30.963982007233426,29.584313015220687,32.195948995649815,762.0,0.016629737356079154,0.016629737356079154,31,31,31,32,32,32,32,32,32,32,32
POST,/loginAction?username=66&password=password,8,8,30,30.41042149925488,29.413254000246525,31.273694010451436,762.0,0.026607579769726646,0.026607579769726646,31,31,31,31,31,31,31,31,31,31,31
POST,/loginAction?username=67&password=password,7,7,30,30.366198284484977,29.888593999203295,30.86423999047838,762.0,0.023281632298510813,0.023281632298510813,30,31,31,31,31,31,31,31,31,31,31
POST,/loginAction?username=68&password=password,6,6,30,30.411418328488555,28.846561996033415,32.67745900666341,762.0,0.019955684827294984,0.019955684827294984,30,30,31,31,33,33,33,33,33,33,33
POST,/loginAction?username=69&password=password,7,7,30,30.452280849983385,29.334068996831775,32.775575993582606,762.0,0.023281632298510813,0.023281632298510813,30,30,31,31,33,33,33,33,33,33,33
POST,/loginAction?username=7&password=password,6,6,30,31.251317661372013,29.256545996759087,34.62933999253437,762.0,0.019955684827294984,0.019955684827294984,31,31,33,33,35,35,35,35,35,35,35
POST,/loginAction?username=70&password=password,3,3,30,30.610388319473714,29.95588499470614,31.596524990163743,762.0,0.009977842413647492,0.009977842413647492,30,30,32,32,32,32,32,32,32,32,32
POST,/loginAction?username=71&password=password,3,3,32,32.34302234098626,30.604397994466126,34.01049700914882,762.0,0.009977842413647492,0.009977842413647492,32,32,34,34,34,34,34,34,34,34,34
POST,/loginAction?username=72&password=password,6,6,30,32.16381183301564,29.525135993026197,35.81586401560344,762.0,0.019955684827294984,0.019955684827294984,33,33,34,34,36,36,36,36,36,36,36
POST,/loginAction?username=73&password=password,4,4,30,30.002855251950677,28.16650699242018,31.2623759964481,762.0,0.013303789884863323,0.013303789884863323,30,30,31,31,31,31,31,31,31,31,31
POST,/loginAction?username=74&password=password,4,4,30,30.210356002498884,29.568227007985115,30.920732009690255,762.0,0.013303789884863323,0.013303789884863323,31,31,31,31,31,31,31,31,31,31,31
POST,/loginAction?username=75&password=password,6,6,31,30.694563829456456,29.811755986884236,31.194932002108544,762.0,0.019955684827294984,0.019955684827294984,31,31,31,31,31,31,31,31,31,31,31
POST,/loginAction?username=76&password=password,14,14,30,31.091152783899037,27.63577300356701,35.79183999681845,762.0,0.04656326459702163,0.04656326459702163,31,32,32,34,35,36,36,36,36,36,36
POST,/loginAction?username=77&password=password,5,5,30,31.302756594959646,28.89639700879343,36.23402997618541,762.0,0.016629737356079154,0.016629737356079154,30,31,31,36,36,36,36,36,36,36,36
POST,/loginAction?username=78&password=password,5,5,31,31.18153279647231,27.640872984193265,34.44385700277053,762.0,0.016629737356079154,0.016629737356079154,31,33,33,34,34,34,34,34,34,34,34
POST,/loginAction?username=79&password=password,2,2,30.11929101194255,30.2619220019551,30.11929101194255,30.40455299196765,762.0,0.0066518949424316616,0.0066518949424316616,30,30,30,30,30,30,30,30,30,30,30
POST,/loginAction?username=8&password=password,11,11,30,31.36241581523791,28.475191997131333,36.43862600438297,762.0,0.036585422183374135,0.036585422183374135,30,32,34,34,34,36,36,36,36,36,36
POST,/loginAction?username=80&password=password,8,8,30,29.879044250264997,28.110030019888654,31.635368010029197,762.0,0.026607579769726646,0.026607579769726646,30,31,31,31,32,32,32,32,32,32,32
POST,/loginAction?username=81&password=password,4,4,29,31.919340741296764,27.73909899406135,41.14776197820902,762.0,0.013303789884863323,0.013303789884863323,30,30,41,41,41,41,41,41,41,41,41
POST,/loginAction?username=82&password=password,8,8,31,30.83043688093312,29.80383299291134,31.992208998417482,762.0,0.026607579769726646,0.026607579769726646,31,31,32,32,32,32,32,32,32,32,32
POST,/loginAction?username=83&password=password,4,4,31,30.749853991437703,30.176316009601578,31.021173985209316,762.0,0.013303789884863323,0.013303789884863323,31,31,31,31,31,31,31,31,31,31,31
POST,/loginAction?username=84&password=password,5,5,29,30.146239802706987,28.465597017202526,34.8833579919301,762.0,0.016629737356079154,0.016629737356079154,29,30,30,35,35,35,35,35,35,35,35
POST,/loginAction?username=85&password=password,7,7,30,31.097952571664273,29.289291996974498,34.34057699632831,762.0,0.023281632298510813,0.023281632298510813,30,31,33,33,34,34,34,34,34,34,34
POST,/loginAction?username=86&password=password,3,3,31,31.192097667371854,30.265568988397717,32.640032004565,762.0,0.009977842413647492,0.009977842413647492,31,31,33,33,33,33,33,33,33,33,33
POST,/loginAction?username=87&password=password,6,6,30,30.057345832271192,28.645967016927898,31.300212984206155,762.0,0.019955684827294984,0.019955684827294984,31,31,31,31,31,31,31,31,31,31,31
POST,/loginAction?username=88&password=password,8,8,31,31.151976876572007,29.485576989827678,32.79972402378917,762.0,0.026607579769726646,0.026607579769726646,31,31,33,33,33,33,33,33,33,33,33
POST,/loginAction?username=89&password=password,6,6,30,30.358599503718626,27.485658996738493,33.37669599568471,762.0,0.019955684827294984,0.019955684827294984,31,31,31,31,33,33,33,33,33,33,33
POST,/loginAction?username=9&password=password,7,7,31,31.627115290445676,29.44402099819854,36.24769998714328,762.0,0.023281632298510813,0.023281632298510813,31,32,32,32,36,36,36,36,36,36,36
POST,/loginAction?username=90&password=password,6,6,30,29.781646163125213,27.792553999461234,31.553445995086804,762.0,0.019955684827294984,0.019955684827294984,30,30,31,31,32,32,32,32,32,32,32
POST,/loginAction?username=91&password=password,7,7,31,30.661219851546257,29.50702398084104,32.080703997053206,762.0,0.023281632298510813,0.023281632298510813,31,31,32,32,32,32,32,32,32,32,32
POST,/loginAction?username=92&password=password,7,7,31,30.357525575839514,27.94824101147242,32.703761011362076,762.0,0.023281632298510813,0.023281632298510813,31,31,31,31,33,33,33,33,33,33,33
POST,/loginAction?username=93&password=password,7,7,30,31.13735228128332,27.466443018056452,36.6657089907676,762.0,0.023281632298510813,0.023281632298510813,30,31,34,34,37,37,37,37,37,37,37
POST,/loginAction?username=94&password=password,10,10,31,31.149951097904705,29.461273981723934,32.888420013478026,762.0,0.03325947471215831,0.03325947471215831,31,32,32,33,33,33,33,33,33,33,33
POST,/loginAction?username=95&password=password,6,6,30,30.39106167367815,29.350619006436318,31.68814702075906,762.0,0.019955684827294984,0.019955684827294984,30,30,31,31,32,32,32,32,32,32,32
POST,/loginAction?username=96&password=password,7,7,30,29.886099422583356,27.548320998903364,32.26347599411383,762.0,0.023281632298510813,0.023281632298510813,30,30,31,31,32,32,32,32,32,32,32
POST,/loginAction?username=97&password=password,8,8,30,29.7665433754446,28.950867999810725,30.593814997700974,762.0,0.026607579769726646,0.026607579769726646,30,30,30,30,31,31,31,31,31,31,31
POST,/loginAction?username=98&password=password,9,9,31,49.97122489536802,29.93338499800302,195.47483301721513,762.0,0.029933527240942476,0.029933527240942476,31,31,35,35,200,200,200,200,200,200,200
POST,/loginAction?username=99&password=password,7,7,31,32.284839569391416,30.171496007824317,40.14488999382593,762.0,0.023281632298510813,0.023281632298510813,31,31,32,32,40,40,40,40,40,40,40
GET,/profile,654,654,30,31.603625223655765,27.25285800988786,287.4075370200444,758.0,2.1751696461751533,2.1751696461751533,30,31,31,32,33,34,36,42,290,290,290
,Aggregated,5189,4534,31,40.23868839065117,26.626105012837797,12788.719013973605,1787.6213143187513,17.258341428138944,15.079845834492575,31,31,32,33,73,79,86,96,290,13000,13000
