timestamp,requests
0.5,0
1.5,0
2.5,0
3.5,1
4.5,1
5.5,1
6.5,1
7.5,2
8.5,2
9.5,2
10.5,2
11.5,3
12.5,3
13.5,3
14.5,3
15.5,4
16.5,4
17.5,4
18.5,4
19.5,5
20.5,5
21.5,5
22.5,5
23.5,6
24.5,6
25.5,6
26.5,6
27.5,7
28.5,7
29.5,7
30.5,7
31.5,8
32.5,8
33.5,8
34.5,8
35.5,9
36.5,9
37.5,9
38.5,9
39.5,10
40.5,10
41.5,10
42.5,10
43.5,11
44.5,11
45.5,11
46.5,11
47.5,12
48.5,12
49.5,12
50.5,12
51.5,13
52.5,13
53.5,13
54.5,13
55.5,14
56.5,14
57.5,14
58.5,14
59.5,15
60.5,15
61.5,15
62.5,15
63.5,16
64.5,16
65.5,16
66.5,16
67.5,17
68.5,17
69.5,17
70.5,17
71.5,18
72.5,18
73.5,18
74.5,18
75.5,19
76.5,19
77.5,19
78.5,19
79.5,20
80.5,20
81.5,20
82.5,20
83.5,21
84.5,21
85.5,21
86.5,21
87.5,22
88.5,22
89.5,22
90.5,22
91.5,23
92.5,23
93.5,23
94.5,23
95.5,24
96.5,24
97.5,24
98.5,24
99.5,25
100.5,25
101.5,25
102.5,25
103.5,26
104.5,26
105.5,26
106.5,26
107.5,27
108.5,27
109.5,27
110.5,27
111.5,28
112.5,28
113.5,28
114.5,28
115.5,29
116.5,29
117.5,29
118.5,29
119.5,30
120.5,30
121.5,30
122.5,30
123.5,31
124.5,31
125.5,31
126.5,31
127.5,32
128.5,32
129.5,32
130.5,32
131.5,33
132.5,33
133.5,33
134.5,33
135.5,34
136.5,34
137.5,34
138.5,34
139.5,35
140.5,35
141.5,35
142.5,35
143.5,36
144.5,36
145.5,36
146.5,36
147.5,37
148.5,37
149.5,37
150.5,37
151.5,38
152.5,38
153.5,38
154.5,38
155.5,39
156.5,39
157.5,39
158.5,39
159.5,40
160.5,40
161.5,40
162.5,40
163.5,41
164.5,41
165.5,41
166.5,41
167.5,42
168.5,42
169.5,42
170.5,42
171.5,43
172.5,43
173.5,43
174.5,43
175.5,44
176.5,44
177.5,44
178.5,44
179.5,45
180.5,45
181.5,45
182.5,45
183.5,46
184.5,46
185.5,46
186.5,46
187.5,47
188.5,47
189.5,47
190.5,47
191.5,48
192.5,48
193.5,48
194.5,48
195.5,49
196.5,49
197.5,49
198.5,49
199.5,50
200.5,50
201.5,50
202.5,50
203.5,51
204.5,51
205.5,51
206.5,51
207.5,52
208.5,52
209.5,52
210.5,52
211.5,53
212.5,53
213.5,53
214.5,53
215.5,54
216.5,54
217.5,54
218.5,54
219.5,55
220.5,55
221.5,55
222.5,55
223.5,56
224.5,56
225.5,56
226.5,56
227.5,57
228.5,57
229.5,57
230.5,57
231.5,58
232.5,58
233.5,58
234.5,58
235.5,59
236.5,59
237.5,59
238.5,59
239.5,60
240.5,60
241.5,60
242.5,60
243.5,60
244.5,61
245.5,61
246.5,61
247.5,61
248.5,62
249.5,62
250.5,62
251.5,62
252.5,63
253.5,63
254.5,63
255.5,63
256.5,64
257.5,64
258.5,64
259.5,64
260.5,65
261.5,65
262.5,65
263.5,65
264.5,66
265.5,66
266.5,66
267.5,66
268.5,67
269.5,67
270.5,67
271.5,67
272.5,68
273.5,68
274.5,68
275.5,68
276.5,69
277.5,69
278.5,69
279.5,69
280.5,70
281.5,70
282.5,70
283.5,70
284.5,71
285.5,71
286.5,71
287.5,71
288.5,72
289.5,72
290.5,72
291.5,72
292.5,73
293.5,73
294.5,73
295.5,73
296.5,74
297.5,74
298.5,74
299.5,74
300.5,75
301.5,75
302.5,75
303.5,75
304.5,76
305.5,76
306.5,76
307.5,76
308.5,77
309.5,77
310.5,77
311.5,77
312.5,78
313.5,78
314.5,78
315.5,78
316.5,79
317.5,79
318.5,79
319.5,79
320.5,80
321.5,80
322.5,80
323.5,80
324.5,81
325.5,81
326.5,81
327.5,81
328.5,82
329.5,82
330.5,82
331.5,82
332.5,83
333.5,83
334.5,83
335.5,83
336.5,84
337.5,84
338.5,84
339.5,84
340.5,85
341.5,85
342.5,85
343.5,85
344.5,86
345.5,86
346.5,86
347.5,86
348.5,87
349.5,87
350.5,87
351.5,87
352.5,88
353.5,88
354.5,88
355.5,88
356.5,89
357.5,89
358.5,89
359.5,89
360.5,90
361.5,90
362.5,90
363.5,90
364.5,91
365.5,91
366.5,91
367.5,91
368.5,92
369.5,92
370.5,92
371.5,92
372.5,93
373.5,93
374.5,93
375.5,93
376.5,94
377.5,94
378.5,94
379.5,94
380.5,95
381.5,95
382.5,95
383.5,95
384.5,96
385.5,96
386.5,96
387.5,96
388.5,97
389.5,97
390.5,97
391.5,97
392.5,98
393.5,98
394.5,98
395.5,98
396.5,99
397.5,99
398.5,99
399.5,99
400.5,100
401.5,100
402.5,100
403.5,100
404.5,101
405.5,101
406.5,101
407.5,101
408.5,102
409.5,102
410.5,102
411.5,102
412.5,103
413.5,103
414.5,103
415.5,103
416.5,104
417.5,104
418.5,104
419.5,104
420.5,105
421.5,105
422.5,105
423.5,105
424.5,106
425.5,106
426.5,106
427.5,106
428.5,107
429.5,107
430.5,107
431.5,107
432.5,108
433.5,108
434.5,108
435.5,108
436.5,109
437.5,109
438.5,109
439.5,109
440.5,110
441.5,110
442.5,110
443.5,110
444.5,111
445.5,111
446.5,111
447.5,111
448.5,112
449.5,112
450.5,112
451.5,112
452.5,113
453.5,113
454.5,113
455.5,113
456.5,114
457.5,114
458.5,114
459.5,114
460.5,115
461.5,115
462.5,115
463.5,115
464.5,116
465.5,116
466.5,116
467.5,116
468.5,117
469.5,117
470.5,117
471.5,117
472.5,118
473.5,118
474.5,118
475.5,118
476.5,119
477.5,119
478.5,119
479.5,119
480.5,120
481.5,120
482.5,120
483.5,120
484.5,120
485.5,121
486.5,121
487.5,121
488.5,121
489.5,122
490.5,122
491.5,122
492.5,122
493.5,123
494.5,123
495.5,123
496.5,123
497.5,124
498.5,124
499.5,124
500.5,124
501.5,125
502.5,125
503.5,125
504.5,125
505.5,126
506.5,126
507.5,126
508.5,126
509.5,127
510.5,127
511.5,127
512.5,127
513.5,128
514.5,128
515.5,128
516.5,128
517.5,129
518.5,129
519.5,129
520.5,129
521.5,130
522.5,130
523.5,130
524.5,130
525.5,131
526.5,131
527.5,131
528.5,131
529.5,132
530.5,132
531.5,132
532.5,132
533.5,133
534.5,133
535.5,133
536.5,133
537.5,134
538.5,134
539.5,134
540.5,134
541.5,135
542.5,135
543.5,135
544.5,135
545.5,136
546.5,136
547.5,136
548.5,136
549.5,137
550.5,137
551.5,137
552.5,137
553.5,138
554.5,138
555.5,138
556.5,138
557.5,139
558.5,139
559.5,139
560.5,139
561.5,140
562.5,140
563.5,140
564.5,140
565.5,141
566.5,141
567.5,141
568.5,141
569.5,142
570.5,142
571.5,142
572.5,142
573.5,143
574.5,143
575.5,143
576.5,143
577.5,144
578.5,144
579.5,144
580.5,144
581.5,145
582.5,145
583.5,145
584.5,145
585.5,146
586.5,146
587.5,146
588.5,146
589.5,147
590.5,147
591.5,147
592.5,147
593.5,148
594.5,148
595.5,148
596.5,148
597.5,149
598.5,149
599.5,150
600.5,150
